0	529	A	0.032
1	530	A	0.030
2	531	A	0.017
3	532	A	0.013
4	533	A	0.000
5	534	A	0.000
6	535	A	0.027
7	536	A	0.000
8	537	A	0.011
9	538	A	0.027
10	539	A	0.020
11	540	A	0.000
12	541	A	0.006
13	542	A	0.009
14	543	A	0.006
15	544	A	0.010
16	545	A	0.014
17	546	A	0.000
18	547	A	0.023
19	548	A	0.000
20	549	A	0.027
21	550	A	0.020
22	551	A	0.027
23	552	A	0.032
24	553	A	0.024
25	554	A	0.000
26	555	A	0.017
27	556	A	0.000
28	557	A	0.014
29	558	A	0.012
30	559	A	0.000
31	560	A	0.000
32	561	A	0.000
33	562	A	0.002
34	563	A	0.000
35	564	A	0.000
36	565	A	0.004
37	566	A	0.000
38	567	A	0.000
39	568	A	0.000
40	569	A	0.009
41	570	A	0.000
42	571	A	0.000
43	572	A	0.008
44	573	A	0.005
45	574	A	0.000
46	575	A	0.002
47	576	A	0.005
48	577	A	0.000
49	578	A	0.000
50	579	A	0.003
51	580	A	0.012
52	581	A	0.000
53	582	A	0.011
54	583	A	0.007
55	584	A	0.000
56	585	A	0.002
57	586	A	0.005
58	587	A	0.000
59	588	A	0.001
60	589	A	0.001
61	590	A	0.001
62	591	A	0.000
63	592	A	0.000
64	593	A	0.001
65	594	A	0.000
66	595	A	0.000
67	596	A	0.000
68	597	A	0.000
69	598	A	0.000
70	599	A	0.000
71	600	A	0.000
72	601	A	0.000
73	602	A	0.000
74	603	A	0.000
75	604	A	0.000
76	605	A	0.000
77	606	A	0.000
78	607	A	0.000
79	608	A	0.000
80	609	A	0.000
81	610	A	0.000
82	611	A	0.000
83	612	A	0.000
84	613	A	0.000
85	614	A	0.008
86	615	A	0.016
87	616	A	0.012
88	617	A	0.008
89	618	A	0.000
90	619	A	0.005
91	620	A	0.000
92	621	A	0.000
93	622	A	0.000
94	623	A	0.000
95	624	A	0.000
96	625	A	0.017
97	626	A	0.023
98	627	A	0.000
99	628	A	0.007
100	629	A	0.000
101	630	A	0.004
102	631	A	0.006
103	632	A	0.009
104	633	A	0.000
105	634	A	0.000
106	635	A	0.012
107	636	A	0.013
108	637	A	0.020
109	638	A	0.011
110	639	A	0.000
111	640	A	0.004
112	641	A	0.006
113	642	A	0.000
114	643	A	0.000
115	644	A	0.003
116	645	A	0.002
117	646	A	0.000
118	647	A	0.000
119	648	A	0.002
120	649	A	0.000
121	650	A	0.000
122	651	A	0.000
123	652	A	0.001
124	653	A	0.000
125	654	A	0.000
126	655	A	0.002
127	656	A	0.001
128	657	A	0.001
129	658	A	0.000
130	659	A	0.000
131	660	A	0.002
132	661	A	0.000
133	662	A	0.000
134	663	A	0.000
135	664	A	0.000
136	665	A	0.000
137	666	A	0.000
138	667	A	0.000
139	668	A	0.000
140	669	A	0.000
141	670	A	0.000
142	671	A	0.000
143	672	A	0.000
144	673	A	0.000
145	674	A	0.000
146	675	A	0.000
147	676	A	0.000
148	677	A	0.001
149	679	A	0.001
150	680	A	0.000
151	681	A	0.000
152	682	A	0.001
153	683	A	0.000
154	684	A	0.008
155	685	A	0.006
156	686	A	0.000
157	687	A	0.011
158	688	A	0.011
159	689	A	0.000
160	690	A	0.000
161	691	A	0.015
162	692	A	0.012
163	693	A	0.000
164	694	A	0.000
165	695	A	0.014
166	696	A	0.000
167	697	A	0.000
168	698	A	0.009
169	699	A	0.007
170	700	A	0.000
171	701	A	0.000
172	702	A	0.006
173	703	A	0.003
174	704	A	0.002
175	711	A	0.000
176	712	A	0.019
177	713	A	0.012
178	714	A	0.000
179	715	A	0.000
180	716	A	0.008
181	717	A	0.001
182	718	A	0.000
183	719	A	0.000
184	720	A	0.001
185	721	A	0.000
186	722	A	0.000
187	723	A	0.000
188	724	A	0.002
189	725	A	0.000
190	726	A	0.000
191	727	A	0.001
192	728	A	0.000
193	729	A	0.000
194	730	A	0.001
195	731	A	0.004
196	732	A	0.000
197	733	A	0.000
198	734	A	0.006
199	735	A	0.005
200	736	A	0.000
201	737	A	0.000
202	738	A	0.011
203	739	A	0.000
204	740	A	0.000
205	741	A	0.010
206	747	A	0.000
207	748	A	0.007
208	749	A	0.000
209	750	A	0.009
210	751	A	0.011
211	752	A	0.008
212	753	A	0.000
213	754	A	0.003
214	755	A	0.004
215	756	A	0.000
216	757	A	0.000
217	758	A	0.004
218	759	A	0.003
219	760	A	0.000
220	761	A	0.000
221	769	A	0.000
222	770	A	0.001
223	771	A	0.004
224	772	A	0.009
225	773	A	0.000
226	774	A	0.017
227	775	A	0.018
228	776	A	0.016
