index,1,2,3,id,group
1,-0.9157,-0.0073,-0.0009,1A52_AB,na
2,-0.8059,0.0277,-0.0018,1ERE_AB,na
3,-1e-04,0.0044,0.4458,1ERE_AC,na
4,-0.842,0.0767,-0.0011,1ERE_CD,na
5,-1e-04,0.0046,0.4633,1ERE_DF,na
6,-0.8365,0.2143,-0.0039,1ERE_EF,na
7,-0.9369,-0.1302,0.0014,1ERR_AB,na
8,-1e-04,0.0013,0.0223,1FM6_AU,na
9,-0.0,-0.0002,0.0029,1G50_AC,na
10,-0.915,-0.1715,0.0027,1G50_BC,na
11,-0.9416,-0.0227,-0.0009,1GWQ_AB,na
12,-0.8255,0.3626,-0.0062,1GWR_AB,na
13,-0.686,0.5645,-0.0074,1H9U_AB,na
14,-0.0002,0.0057,0.5384,1H9U_AC,na
15,-0.7097,0.5502,-0.0075,1H9U_CD,na
16,-0.6708,0.5513,-0.0069,1KV6_AB,na
17,-0.8326,0.2378,-0.0042,1L2I_AB,na
18,-1e-04,0.0004,0.0099,1L2J_AB,na
19,-0.5287,0.6428,-0.0061,1MZN_AC,na
20,-0.0,0.0003,0.0069,1MZN_CG,na
21,-0.5287,0.6428,-0.0061,1MZN_EG,na
22,-0.0002,0.0015,0.0059,1OVL_AB,na
23,-0.0435,0.0608,0.2148,1OVL_AC,na
24,-0.062,-0.0202,0.0091,1OVL_BF,na
25,-0.0927,0.0972,0.19,1OVL_DF,na
26,-0.8642,-0.0605,0.0002,1PCG_AB,na
27,-0.0,-0.0002,0.0029,1QKU_AC,na
28,-0.9017,-0.1415,0.0024,1QKU_BC,na
29,-0.945,-0.2073,0.0027,1R5K_AB,na
30,-0.0002,0.0032,0.2493,1R5K_AC,na
31,-0.7097,0.5502,-0.0075,1TFC_AB,na
32,-0.01,-0.0048,0.4202,1U3Q_AB,na
33,-0.7907,0.1648,-0.003,1U3Q_AC,na
34,-0.0004,0.0055,0.1527,1U3Q_AD,na
35,-1e-04,0.0019,0.0775,1U3Q_BC,na
36,-0.6374,0.4965,-0.0049,1U3Q_BD,na
37,-0.7755,0.3185,-0.0039,1U3R_AB,na
38,-0.7746,0.3651,-0.0044,1U3S_AB,na
39,-0.8043,0.2384,-0.0027,1U9E_AB,na
40,-0.7665,0.3233,-0.0033,1X76_AB,na
41,-0.7558,0.3799,-0.0043,1X78_AB,na
42,-0.7261,0.3002,-0.0025,1X7B_AB,na
43,-0.8923,-0.2025,0.0034,1X7E_AB,na
44,-0.7324,0.3333,-0.0031,1X7J_AB,na
45,-0.639,0.593,-0.0067,1XIU_AB,na
46,-0.0003,0.0032,0.0052,1XLS_AB,na
47,-0.0241,0.0105,0.0073,1XLS_AC,na
48,-0.9407,0.0112,-0.0014,1XQC_AB,na
49,-0.0005,0.0047,0.193,1XQC_AC,na
50,-1e-04,0.0024,0.1589,1XQC_BC,na
51,-0.9318,0.1136,-0.003,1XQC_CD,na
52,-0.5209,0.4547,-0.003,1XV9_AB,na
53,-0.0002,0.0019,0.1242,1XV9_AC,na
54,-0.0002,0.004,0.2032,1XV9_AD,na
55,-0.5209,0.4547,-0.003,1XV9_CD,na
56,-0.532,0.4648,-0.0031,1XVP_AB,na
57,-0.0002,0.0025,0.1533,1XVP_AC,na
58,-0.0002,0.004,0.2032,1XVP_AD,na
59,-0.5072,0.4903,-0.0039,1XVP_CD,na
60,-0.752,0.3106,-0.0031,1YY4_AB,na
61,-0.7252,0.3619,-0.0033,1YYE_AB,na
62,-0.7864,0.2818,-0.0033,1ZAF_AB,na
63,-0.9348,-0.2377,0.0032,1ZKY_AB,na
64,-0.9348,-0.2377,0.0032,2B1V_AB,na
65,-0.9338,-0.061,-0.0002,2B1Z_AB,na
66,-0.9308,-0.2332,0.0032,2B23_AB,na
67,-0.9197,-0.1077,0.0011,2BJ4_AB,na
68,-0.7304,0.4845,-0.0069,2EWP_AB,na
69,-1e-04,0.0009,0.0856,2EWP_AD,na
70,-0.7318,0.3358,-0.0044,2EWP_CD,na
71,-0.9173,0.0813,-0.0023,2FAI_AB,na
72,-0.7621,0.1951,-0.0027,2FSZ_AB,na
73,-0.9411,-0.2038,0.0026,2G44_AB,na
74,-0.886,-0.0187,-0.0004,2G5O_AB,na
75,-0.7564,0.4661,-0.0069,2GP7_AB,na
76,-0.0194,0.04,0.0069,2GP7_AD,na
77,-0.019,0.0391,0.0069,2GP7_BC,na
78,-0.7752,0.4681,-0.0069,2GP7_CD,na
79,-0.7252,0.4449,-0.0064,2GPP_AB,na
80,-0.0003,0.0028,0.07,2GPV_AB,na
81,-0.6621,0.5772,-0.0072,2GPV_AD,na
82,-0.0003,0.0045,0.1862,2GPV_AE,na
83,-0.0002,0.0043,0.2178,2GPV_BD,na
84,-0.6769,0.5262,-0.0069,2GPV_BE,na
85,-0.6931,0.5258,-0.0069,2GPV_CF,na
86,-0.7922,-0.0217,-0.0002,2I0G_AB,na
87,-0.8977,-0.3109,0.0046,2I0J_AB,na
88,-0.9348,-0.2377,0.0032,2I0J_CD,na
89,-0.8666,0.2819,-0.0054,2IOK_AB,na
90,-0.9132,-0.2952,0.0037,2JF9_AB,na
91,-0.0,0.0008,0.0689,2JF9_AC,na
92,-0.8803,-0.035,0.0003,2JFA_AB,na
93,-0.7914,0.0222,-0.001,2JJ3_AB,na
94,-0.7252,0.3619,-0.0033,2NV7_AB,na
95,-0.9106,0.149,-0.004,2P15_AB,na
96,-0.6382,0.5532,-0.0065,2PJL_AB,na
97,-0.9301,-0.2309,0.0031,2POG_AB,na
98,-0.9039,-0.1071,0.0015,2Q6J_AB,na
99,-0.9018,-0.3206,0.0042,2Q70_AB,na
100,-0.8336,0.0202,-0.0013,2QA6_AB,na
101,-0.8637,-0.3219,0.0043,2QA8_AB,na
102,-0.9339,-0.1184,0.0012,2QAB_AB,na
103,-0.9203,-0.0804,0.0006,2QE4_AB,na
104,-0.9187,-0.23,0.0031,2QGT_AB,na
105,-0.9348,-0.2377,0.0032,2QGW_AB,na
106,-0.9236,-0.1019,0.0009,2QH6_AB,na
107,-0.8628,0.1905,-0.0033,2QR9_AB,na
108,-0.9208,0.1029,-0.0025,2QSE_AB,na
109,-0.7563,0.0615,-0.0013,2QTU_AB,na
110,-0.0548,0.0566,0.0079,2QW4_AC,na
111,-0.0238,0.033,0.0056,2QW4_AD,na
112,-1e-04,0.0014,0.0951,2QW4_BC,na
113,-0.0295,0.0143,0.0022,2QW4_BD,na
114,-0.9322,-0.1586,0.0019,2QXM_AB,na
115,-0.9172,-0.0339,0.0,2QXS_AB,na
116,-0.9138,-0.2147,0.0024,2QZO_AB,na
117,-0.9295,-0.0306,-0.0004,2R6W_AB,na
118,-0.8975,-0.1654,0.0022,2R6Y_AB,na
119,-0.7545,0.1193,-0.0022,2YJD_AB,na
120,-0.6621,0.4151,-0.0033,2YLY_AB,na
121,-0.7662,0.05,-0.001,2Z4B_AB,na
122,-0.5287,0.6428,-0.0061,2ZY0_AC,na
123,-0.5335,0.5327,-0.0047,3A9E_AB,na
124,-0.6797,0.5134,-0.0065,3D24_AC,na
125,-0.9192,0.1564,-0.0036,3DT3_AB,na
126,-0.9294,-0.1738,0.0024,3ERD_AB,na
127,-0.8911,-0.2691,0.0032,3HLV_AB,na
128,-0.8447,-0.0121,-0.0017,3HM1_AB,na
129,-0.0002,0.0022,0.1303,3KMZ_BA,na
130,-0.9321,-0.1896,0.0023,3L03_AB,na
131,-0.0,1e-04,0.0281,3L0L_AB,na
132,-0.7296,0.1007,-0.0018,3OLL_AB,na
133,-0.7647,-0.1381,0.0031,3OLS_AB,na
134,-0.7764,-0.1434,0.0032,3OMO_AB,na
135,-0.7764,-0.1434,0.0032,3OMP_AB,na
136,-0.778,-0.0857,0.0024,3OMQ_AB,na
137,-0.9106,-0.2601,0.0039,3OS8_AC,na
138,-0.0002,0.0068,0.4023,3OS8_AD,na
139,-0.0002,0.0068,0.4023,3OS8_BC,na
140,-0.8853,-0.3096,0.0041,3OS8_BD,na
141,-0.914,0.117,-0.0029,3OS9_AC,na
142,-0.0002,0.0071,0.4161,3OS9_AD,na
143,-0.0002,0.0071,0.4161,3OS9_BC,na
144,-0.8999,0.0882,-0.0024,3OS9_BD,na
145,-0.8905,-0.2464,0.0034,3OSA_AC,na
146,-0.0002,0.0064,0.3605,3OSA_AD,na
147,-0.0002,0.0068,0.4023,3OSA_BC,na
148,-0.8856,-0.3098,0.0041,3OSA_BD,na
149,-0.5287,0.6428,-0.0061,3OZJ_AC,na
150,-0.4649,0.4203,-0.0037,3P0U_AB,na
151,-0.0695,0.0006,0.0286,3PLZ_AB,na
152,-0.8767,0.0797,-0.0018,3Q95_AB,na
153,-0.709,0.5094,-0.0069,3R29_AB,na
154,-0.7206,0.4834,-0.0068,3R2A_AB,na
155,-0.0002,0.0018,0.1247,3R2A_AC,na
156,-0.0003,0.0043,0.1954,3R2A_AD,na
157,-0.0003,0.0043,0.1954,3R2A_BC,na
158,-1e-04,0.0018,0.1324,3R2A_BD,na
159,-0.7448,0.4703,-0.0067,3R2A_CD,na
160,-0.5945,0.6175,-0.0069,3R5M_AC,na
161,-0.0004,1e-04,0.0249,3UP0_AB,na
162,-0.9336,-0.0207,-0.0007,3UU7_AB,na
163,-0.8543,0.0469,-0.0011,3UUA_AB,na
164,-0.9245,0.0587,-0.0021,3UUC_AB,na
165,-0.0,1e-04,0.0134,3UUC_AC,na
166,-0.0002,0.0049,0.2672,3UUC_AD,na
167,-0.0165,-0.0154,0.0133,3UUC_BC,na
168,-1e-04,0.003,0.2139,3UUC_BD,na
169,-0.0,1e-04,0.0118,3UUC_CD,na
170,-0.8846,0.1668,-0.0038,3UUD_AB,na
171,-1e-04,0.0002,0.0178,3V3E_BA,na
172,-0.4698,0.3226,-0.0021,4DK7_AC,na
173,-0.4698,0.3226,-0.0021,4DK8_AC,na
174,-0.7196,0.3108,-0.0029,4DM6_AB,na
175,-0.5908,0.5311,-0.006,4DM8_AB,na
176,-0.931,-0.1973,0.0027,4DMA_AB,na
177,-1e-04,0.003,0.1561,4DOR_AB,na
178,-0.6196,0.4851,-0.0059,4DQM_AC,na
179,-0.0,0.0,0.0025,4IS8_AB,na
180,-0.9365,-0.0975,0.0011,4IU7_AB,na
181,-0.8989,-0.2903,0.004,4IUI_AB,na
182,-0.8764,-0.2065,0.0037,4IV2_AB,na
183,-0.8764,-0.2065,0.0037,4IV4_AB,na
184,-0.9096,-0.1763,0.0027,4IVW_AB,na
185,-0.9045,-0.1992,0.0032,4IVY_AB,na
186,-0.9234,-0.2076,0.003,4IW6_AB,na
187,-0.8887,-0.2366,0.0039,4IW8_AB,na
188,-0.9419,-0.2054,0.0026,4IWC_AB,na
189,-0.8856,-0.3098,0.0041,4IWF_AB,na
190,-0.7695,0.2831,-0.0041,4J24_AB,na
191,-0.0,1e-04,0.0066,4J24_AC,na
192,-0.7778,0.1368,-0.0025,4J24_CD,na
193,-0.5977,0.4659,-0.0043,4J26_AB,na
194,-1e-04,0.0002,0.0178,4JGV_AB,na
195,-0.6557,0.4999,-0.0062,4JYI_AB,na
196,-1e-04,0.0002,0.0178,4KZI_BA,na
197,-1e-04,0.0002,0.0178,4KZJ_BA,na
198,-1e-04,0.0002,0.0178,4KZM_BA,na
199,-0.9199,-0.0708,0.0007,4MG6_AB,na
200,-0.9177,-0.1257,0.0017,4MG7_AB,na
201,-0.9165,0.1073,-0.0032,4MG8_AB,na
202,-0.931,-0.1973,0.0027,4MG9_AB,na
203,-0.8319,0.1752,-0.0031,4MGA_AB,na
204,-0.9092,0.0491,-0.0016,4MGB_AB,na
205,-0.9419,-0.2054,0.0026,4MGC_AB,na
206,-0.9314,-0.0304,-0.0003,4MGD_AB,na
207,-0.0002,0.0076,0.7197,4NB6_AB,na
208,-0.0004,0.0049,0.1416,4ONI_AB,na
209,-0.0271,-0.0041,0.0613,4PLE_AC,na
210,-0.0862,0.0234,0.0867,4PLE_AE,na
211,-0.0792,0.0492,0.1025,4PLE_AG,na
212,-1e-04,0.0018,0.0985,4PLE_CE,na
213,-0.0002,0.0016,0.0056,4PLE_CG,na
214,-0.9318,-0.2745,0.0039,4PP6_AB,na
215,-0.9068,0.0405,-0.0018,4PPP_AB,na
216,-0.9203,-0.0804,0.0006,4PPS_AB,na
217,-0.9279,-0.065,0.0004,4PXM_AB,na
218,-0.839,0.278,-0.0049,4Q13_AB,na
219,-1e-04,-0.0005,0.0095,4Q50_AB,na
220,-0.0002,0.0046,0.3041,4Q50_AD,na
221,-0.8831,-0.1287,0.0012,4Q50_AF,na
222,-0.0002,0.0046,0.3041,4Q50_BC,na
223,-0.0,0.0002,0.0026,4Q50_BD,na
224,-0.8564,-0.0587,0.0006,4Q50_BE,na
225,-1e-04,0.0003,0.0045,4Q50_BF,na
226,-1e-04,-0.0005,0.0093,4Q50_CD,na
227,-0.8769,-0.1486,0.0014,4Q50_CG,na
228,-1e-04,0.0004,0.0056,4Q50_DG,na
229,-0.8769,-0.1486,0.0014,4Q50_DH,na
230,-1e-04,-0.0002,0.0045,4Q50_EF,na
231,-1e-04,-0.0003,0.0044,4Q50_GH,na
232,-0.0002,0.0088,0.8066,4QM0_AC,na
233,-1e-04,0.0002,0.0178,4RE8_BA,na
234,-1e-04,0.0002,0.0178,4REE_BA,na
235,-1e-04,0.0002,0.0178,4REF_BA,na
236,-1e-04,0.0002,0.0177,4RZE_BA,na
237,-1e-04,0.0002,0.0177,4RZF_BA,na
238,-1e-04,0.0002,0.0177,4RZG_BA,na
239,-0.9031,-0.0022,-0.0008,4TUZ_AB,na
240,-0.9348,-0.2377,0.0032,4TV1_AB,na
241,-1e-04,0.0002,0.0177,4WHF_BA,na
242,-1e-04,0.0002,0.0177,4WHG_BA,na
243,-0.0002,0.0088,0.7987,4WQP_AB,na
244,-0.0003,0.0012,0.0127,4XI3_AB,na
245,-0.9054,0.09,-0.0022,4XI3_AC,na
246,-0.8667,0.176,-0.004,4XI3_BD,na
247,-1e-04,0.0019,0.1215,4ZJR_AB,na
248,-0.0002,0.0088,0.7987,4ZJR_AC,na
249,-0.0002,0.0088,0.8066,4ZJR_BD,na
250,-1e-04,0.0023,0.154,4ZJR_CD,na
251,-0.9348,-0.2377,0.0032,4ZN7_AB,na
252,-0.8987,-0.2118,0.0027,4ZN9_AB,na
253,-0.9326,-0.2322,0.003,4ZNH_AB,na
254,-0.887,0.0425,-0.0015,4ZNS_AB,na
255,-0.902,0.0636,-0.0022,4ZNT_AB,na
256,-0.9149,-0.026,-0.001,4ZNU_AB,na
257,-0.8713,-0.2564,0.0039,4ZNV_AB,na
258,-0.8993,-0.2659,0.0042,4ZNW_AB,na
259,-0.0002,0.0086,0.7776,4ZOM_AB,na
260,-1e-04,0.0023,0.154,4ZOM_AD,na
261,-1e-04,0.0023,0.154,4ZOM_BC,na
262,-0.0002,0.0088,0.8066,4ZOM_CD,na
263,-0.9411,-0.2038,0.0026,5AAU_AB,na
264,-0.8777,0.0221,-0.0007,5AAV_AB,na
265,-0.9227,-0.0537,-0.0003,5AK2_AB,na
266,-0.0002,0.0088,0.8002,5APK_AB,na
267,-0.0002,0.0087,0.8001,5AYG_AB,na
268,-0.8993,0.009,-0.0009,5DI7_AB,na
269,-0.9348,-0.2377,0.0032,5DID_AB,na
270,-0.8844,-0.3,0.0038,5DIE_AB,na
271,-0.9,0.056,-0.0017,5DIG_AB,na
272,-0.8882,-0.2598,0.0038,5DK9_AB,na
273,-0.9318,-0.2745,0.0039,5DKB_AB,na
274,-0.8972,-0.2556,0.0037,5DKE_AB,na
275,-0.9411,-0.2038,0.0026,5DKG_AB,na
276,-0.9154,-0.266,0.0038,5DKS_AB,na
277,-0.9348,-0.2377,0.0032,5DL4_AB,na
278,-0.9234,-0.2076,0.003,5DLR_AB,na
279,-0.9252,-0.2316,0.0033,5DMC_AB,na
280,-0.9348,-0.2377,0.0032,5DMF_AB,na
281,-0.9303,-0.0738,0.0006,5DP0_AB,na
282,-0.9427,-0.0829,0.0003,5DRJ_AB,na
283,-0.9382,0.0653,-0.0023,5DRM_AB,na
284,-0.8821,0.174,-0.0038,5DTV_AB,na
285,-0.8821,0.174,-0.0038,5DU5_AB,na
286,-0.8656,0.1374,-0.0031,5DUE_AB,na
287,-0.9411,-0.2038,0.0026,5DUG_AB,na
288,-0.8958,-0.0796,0.0006,5DUH_AB,na
289,-0.9348,-0.2377,0.0032,5DVS_AB,na
290,-0.8876,-0.3151,0.0045,5DVV_AB,na
291,-0.9348,-0.2377,0.0032,5DWE_AB,na
292,-0.8906,-0.2892,0.004,5DWG_AB,na
293,-0.9195,-0.2422,0.0037,5DWI_AB,na
294,-0.9318,-0.2745,0.0039,5DWJ_AB,na
295,-0.8462,0.0565,-0.0018,5DX3_AB,na
296,-0.9096,-0.1652,0.0015,5DXB_AB,na
297,-0.9233,-0.2627,0.0037,5DXE_AB,na
298,-0.9236,-0.1019,0.0009,5DXG_AB,na
299,-0.9338,-0.061,-0.0002,5DXK_AB,na
300,-0.9427,0.0244,-0.0017,5DXM_AB,na
301,-0.9377,-0.2406,0.0033,5DXP_AB,na
302,-0.9383,-0.2416,0.0033,5DXQ_AB,na
303,-0.9082,0.1536,-0.0039,5DXR_AB,na
304,-0.8729,-0.0963,0.002,5DY8_AB,na
305,-0.8764,-0.2065,0.0037,5DYB_AB,na
306,-0.945,-0.2073,0.0027,5DYD_AB,na
307,-0.8928,-0.2082,0.0036,5DZ0_AB,na
308,-0.8589,-0.2259,0.0035,5DZ1_AB,na
309,-0.8676,-0.1821,0.0028,5DZ3_AB,na
310,-0.8797,-0.1729,0.003,5DZH_AB,na
311,-0.9407,-0.0341,-0.0007,5DZI_AB,na
312,-0.8915,-0.2087,0.0036,5E0W_AB,na
313,-0.9318,-0.2745,0.0039,5E0X_AB,na
314,-0.9488,-0.127,0.0013,5E14_AB,na
315,-0.862,-0.1809,0.0028,5E15_AB,na
316,-0.9078,-0.0937,0.0009,5E19_AB,na
317,-0.9454,-0.0286,-0.0008,5E1C_AB,na
318,-0.9057,0.1463,-0.0032,5EGV_AB,na
319,-0.9042,-0.2393,0.0038,5EHJ_AB,na
320,-0.9348,-0.2377,0.0032,5EI1_AB,na
321,-0.9348,-0.2377,0.0032,5EIT_AB,na
322,-0.0345,-0.0011,0.0038,5ETH_AB,na
323,-0.9348,-0.2377,0.0032,5HYR_AB,na
324,-0.5094,0.6,-0.0052,5I4V_AB,na
325,-1e-04,0.0017,0.0857,5I4V_AE,na
326,-0.0003,0.0033,0.1064,5I4V_BE,na
327,-0.5094,0.6,-0.0052,5I4V_EF,na
328,-0.0345,-0.0011,0.0038,5IXK_AB,na
329,-0.0,-0.0,0.0289,5IZ0_AB,na
330,-0.0037,0.0015,0.0643,5IZ0_AG,na
331,-0.0,0.0,0.0283,5IZ0_DG,na
332,-0.9371,-0.1986,0.0026,5JMM_AB,na
333,-0.0002,0.0087,0.7822,5K38_AB,na
334,-1e-04,0.0025,0.1678,5K3L_AB,na
335,-0.2389,0.26,-1e-04,5K3L_BD,na
336,-1e-04,0.0025,0.1678,5K3L_CD,na
337,-0.0,0.0009,0.0761,5K3M_AB,na
338,-1e-04,0.0025,0.1678,5K3N_AB,na
339,-0.2717,0.2938,-0.0006,5K3N_BD,na
340,-1e-04,0.0025,0.1517,5K3N_CD,na
341,-0.0002,0.0026,0.158,5K6E_AB,na
342,-0.0002,0.0089,0.8009,5K74_AB,na
343,-0.9332,-0.1039,0.0006,5KCC_AB,na
344,-0.9197,-0.1077,0.0011,5KCD_AB,na
345,-0.8972,-0.1147,0.0019,5KCE_AB,na
346,-0.9112,0.1551,-0.0039,5KCF_AB,na
347,-0.927,0.0745,-0.0022,5KCT_AB,na
348,-0.8729,0.1849,-0.0039,5KCU_AB,na
349,-0.904,0.1984,-0.0046,5KCW_AB,na
350,-0.9318,0.1136,-0.003,5KD9_AB,na
351,-0.9407,-0.0341,-0.0007,5KR9_AB,na
352,-0.9326,-0.1905,0.0022,5KRA_AB,na
353,-1e-04,0.0012,0.0033,5KRA_AE,na
354,-0.0002,0.0,0.0078,5KRA_BE,na
355,-0.9214,-0.0912,-0.0002,5KRA_EF,na
356,-0.9382,0.0653,-0.0023,5KRC_AB,na
357,-0.8775,-0.2006,0.0035,5KRF_AB,na
358,-0.8584,0.0948,-0.0021,5KRH_AB,na
359,-0.9153,0.0529,-0.0023,5KRI_AB,na
360,-0.9454,-0.0286,-0.0008,5KRJ_AB,na
361,-0.9348,-0.2377,0.0032,5KRK_AB,na
362,-0.9321,-0.1896,0.0023,5KRL_AB,na
363,-0.9348,-0.2377,0.0032,5KRM_AB,na
364,-0.9419,-0.2054,0.0026,5KRO_AB,na
365,-1e-04,0.0058,0.5627,5M96_AB,na
366,-0.6283,0.5813,-0.007,5MK4_AC,na
367,-0.0,1e-04,0.0271,5NTI_AB,na
368,-0.0038,0.0006,0.012,5NTI_AC,na
369,-0.0,-0.0,0.0289,5NTI_CD,na
370,-0.0,1e-04,0.0284,5NTN_AB,na
371,-0.0038,0.0006,0.012,5NTN_AC,na
372,-0.0,-0.0,0.0291,5NTN_CD,na
373,-0.0002,0.0071,0.6643,5NTQ_AB,na
374,-0.0038,0.0017,0.0689,5NTW_AB,na
375,-0.0,1e-04,0.0281,5NTW_AC,na
376,-0.043,-0.0249,0.0057,5NTW_AD,na
377,-0.0002,0.0017,0.131,5NTW_BD,na
378,-0.8804,-0.1423,0.0012,5T1Z_AB,na
379,-0.8696,0.2923,-0.0056,5T92_AB,na
380,-0.9295,-0.0306,-0.0004,5TLD_AB,na
381,-0.8915,0.1431,-0.0033,5TLF_AB,na
382,-0.9383,-0.2416,0.0033,5TLG_AB,na
383,-0.9411,-0.2038,0.0026,5TLL_AB,na
384,-0.8969,-0.1926,0.003,5TLM_AB,na
385,-0.9427,0.0244,-0.0017,5TLO_AB,na
386,-0.9104,-0.0617,0.0003,5TLP_AB,na
387,-0.8749,-0.1682,0.0031,5TLT_AB,na
388,-0.9063,0.0531,-0.0021,5TLU_AB,na
389,-0.9258,0.1079,-0.003,5TLV_AB,na
390,-0.9142,-0.128,0.0004,5TLX_AB,na
391,-0.9082,0.1536,-0.0039,5TLY_AB,na
392,-0.9222,-0.0151,-0.0008,5TM1_AB,na
393,-0.8999,0.1151,-0.0031,5TM2_AB,na
394,-0.9381,-0.0142,-0.0009,5TM3_AB,na
395,-0.9404,-0.1114,0.0007,5TM4_AB,na
396,-0.8774,0.1424,-0.0033,5TM5_AB,na
397,-0.9474,-0.0774,0.0002,5TM6_AB,na
398,-0.9313,0.0324,-0.0016,5TM7_AB,na
399,-0.8883,0.1445,-0.0029,5TM8_AB,na
400,-0.9046,-0.1128,0.0002,5TM9_AB,na
401,-0.9358,0.0711,-0.0023,5TML_AB,na
402,-0.9366,-0.166,0.002,5TMM_AB,na
403,-0.9433,-0.0727,1e-04,5TMO_AB,na
404,-0.9348,-0.2377,0.0032,5TMQ_AB,na
405,-0.9336,-0.0207,-0.0007,5TMR_AB,na
406,-0.9372,-0.1115,0.0006,5TMS_AB,na
407,-0.8795,0.1356,-0.0029,5TMT_AB,na
408,-0.9348,-0.2377,0.0032,5TMU_AB,na
409,-0.9035,-0.1941,0.003,5TMV_AB,na
410,-0.9199,-0.0012,-0.0012,5TMW_AB,na
411,-0.9372,-0.1115,0.0006,5TMZ_AB,na
412,-0.927,-0.1522,0.0017,5TN1_AB,na
413,-0.928,0.023,-0.0015,5TN3_AB,na
414,-0.9403,-0.159,0.0016,5TN4_AB,na
415,-0.9309,-0.094,0.0008,5TN5_AB,na
416,-0.8917,0.1928,-0.0044,5TN6_AB,na
417,-0.9183,0.1065,-0.0033,5TN7_AB,na
418,-0.9018,-0.3206,0.0042,5TN8_AB,na
419,-0.8853,-0.3096,0.0041,5TN9_AB,na
420,-0.0002,0.0068,0.4021,5TN9_AD,na
421,-0.0002,0.0068,0.4021,5TN9_BC,na
422,-0.9403,-0.1693,0.0021,5TN9_CD,na
423,-0.9197,-0.298,0.0042,5TNB_AB,na
424,-0.0002,0.007,0.4126,5TNB_AD,na
425,-0.0002,0.007,0.4126,5TNB_BC,na
426,-0.9208,0.1029,-0.0025,5TNB_CD,na
427,-0.7725,0.0805,-0.0018,5TOA_AB,na
428,-0.9205,0.1115,-0.0033,5U2B_AB,na
429,-1e-04,0.0053,0.5247,5U2B_AC,na
430,-1e-04,0.0051,0.4956,5U2B_BF,na
431,-0.9211,-0.0064,-0.0009,5U2B_CD,na
432,-0.9197,-0.298,0.0042,5U2B_EF,na
433,-0.8887,-0.2366,0.0039,5U2D_AB,na
434,-0.904,0.1984,-0.0046,5UFW_AB,na
435,-0.904,0.1984,-0.0046,5UFX_AB,na
436,-0.0002,0.0072,0.6291,5W4R_AB,na
437,-0.0089,-0.0161,0.1954,5W4V_AB,na
438,-1e-04,0.0027,0.2213,5W4V_AC,na
439,-0.12,0.1181,0.0042,5W4V_AD,na
440,-0.0,0.001,0.0548,5W4V_BF,na
441,-0.0096,-0.0174,0.1932,5W4V_CF,na
442,-0.0094,-0.0173,0.1908,5W4V_DE,na
443,-0.8818,-0.3016,0.0045,5W9C_AB,na
444,-0.0002,-0.0007,0.012,5W9C_AC,na
445,-0.879,-0.3317,0.0044,5W9C_CD,na
446,-0.9004,-0.2207,0.003,5W9D_AB,na
447,-0.9254,-0.2242,0.003,5WGD_AB,na
448,-0.9419,-0.2054,0.0026,5WGQ_AB,na
449,-0.0,0.0009,0.0497,5X8X_AE,na
450,-1e-04,-0.0003,0.0065,5X8X_AG,na
451,-0.1869,0.1944,0.172,5X8X_CG,na
452,-1e-04,0.0012,0.0105,5Y41_AB,na
453,-0.0248,0.0326,0.018,5YD6_AB,na
454,-0.0003,0.0032,0.0082,5YD6_AC,na
455,-0.0003,0.0034,0.0091,5YD6_BD,na
456,-0.025,0.018,0.0045,5YD6_CD,na
457,-1e-04,0.0008,0.0118,5YSO_AB,na
458,-0.7183,0.5087,-0.0071,5YSO_BC,na
459,-0.0002,0.007,0.6101,5ZA1_AB,na
460,-0.0141,-0.0128,0.01,6A5Z_DL,na
461,-1e-04,0.0008,0.0112,6A6K_AB,na
462,-0.7804,0.2977,-0.0043,6A6K_BC,na
463,-0.0003,0.0075,0.5944,6B30_AB,na
464,-0.0002,0.0072,0.6095,6B31_AB,na
465,-0.0002,0.0081,0.7727,6B33_AB,na
466,-0.0002,0.0078,0.748,6BN6_AB,na
467,-0.0002,0.0076,0.7406,6BR2_AB,na
468,-0.0002,0.0079,0.7544,6BR3_AB,na
469,-0.904,0.1984,-0.0046,6C42_AB,na
470,-0.9167,-0.2174,0.003,6CBZ_AB,na
471,-0.9184,-0.0755,1e-04,6CZN_AB,na
472,-0.9252,-0.2316,0.0033,6D0F_AB,na
473,-0.071,0.0833,0.1769,6DDA_AC,na
474,-0.0002,0.0015,0.0059,6DDA_BA,na
475,-0.9032,-0.1219,0.0006,6DF6_AB,na
476,-0.0002,0.007,0.4126,6DF6_AD,na
477,-0.0002,0.007,0.4125,6DF6_BC,na
478,-0.9199,-0.0012,-0.0012,6DF6_CD,na
479,-0.8649,-0.0875,0.0003,6DFN_AB,na
480,-0.0002,0.0068,0.402,6DFN_AD,na
481,-0.0002,0.0068,0.402,6DFN_BC,na
482,-0.8716,0.0023,-0.0007,6DFN_CD,na
483,-0.0002,0.0076,0.7377,6E3E_AB,na
484,-0.0353,-0.0191,0.1415,6E3G_AB,na
485,-0.0002,0.0088,0.7987,6FGQ_AB,na
486,-0.0038,0.0009,0.0189,6FZU_AB,na
487,-0.0038,0.0006,0.012,6G05_AB,na
488,-0.0002,0.0018,0.1246,6G07_BD,na
489,-0.0434,-0.0008,0.0009,6J1L_AB,na
490,-0.0288,0.0223,0.0018,6J1L_AC,na
491,-0.6224,0.6111,-0.0067,6JNR_AB,na
492,-0.6997,0.4995,-0.0068,6KNR_AB,na
493,-1e-04,0.0002,0.0177,6KZ5_AB,na
494,-0.5465,0.6248,-0.0066,6LB5_AC,na
495,-0.4773,0.5622,-0.0053,6LIT_AB,na
496,-0.0002,0.0088,0.7987,6NWT_AC,na
497,-0.0002,0.0081,0.772,6O98_AB,na
498,-0.8876,0.1785,-0.0034,6OWC_AB,na
499,-0.0198,-0.0176,0.0065,6P9F_AB,na
500,-0.0003,0.0076,0.3976,6PET_AC,na
501,-0.9227,-0.0537,-0.0003,6PET_CB,na
502,-0.9326,-0.2322,0.003,6PET_DA,na
503,-0.0002,0.0074,0.4248,6PET_DB,na
504,-1e-04,0.0031,0.2328,6PET_DC,na
505,-0.7983,0.1899,-0.0031,6PFM_DA,na
506,-0.8637,-0.3219,0.0043,6PIT_AB,na
507,-0.8697,0.084,-0.0025,6PSJ_AB,na
508,-0.0002,0.0057,0.5025,6Q2W_AB,na
509,-0.4535,0.3624,-0.0025,6S4U_AB,na
510,-0.9318,-0.2745,0.0039,6SBO_AB,na
511,-0.8454,0.0723,-0.0013,6SQ0_AB,na
512,-0.8706,0.0555,-0.0014,6SUO_AB,na
513,-0.8705,0.1219,-0.0029,6V87_AB,na
514,-0.8696,0.2923,-0.0056,6V8T_AB,na
515,-0.9106,-0.1069,0.0011,6VGH_AB,na
516,-0.9383,-0.2416,0.0033,6VJD_AB,na
517,-0.0002,-0.0006,0.0134,6VJD_AC,na
518,-0.9212,-0.2292,0.0031,6VJD_CD,na
519,-0.0,0.0,0.0019,6VPF_AC,na
520,-0.0,0.0004,0.0511,6VPF_BA,na
521,-0.0002,-0.0006,0.0132,6VPF_BC,na
522,-0.9231,-0.1287,0.0015,6VPF_BD,na
523,-0.0002,0.0078,0.7418,6VSW_AB,na
524,-0.0002,0.007,0.4125,6WOK_AC,na
525,-0.914,0.117,-0.0029,6WOK_CB,na
526,-0.8986,-0.1668,0.0014,6WOK_DA,na
527,-1e-04,0.0042,0.2345,6WOK_DB,na
528,-0.0002,0.0088,0.8067,6XFV_AB,na
529,-0.916,0.0639,-0.0018,6ZOQ_AB,na
530,-0.8999,0.0882,-0.0024,6ZOR_AB,na
531,-0.9197,-0.1077,0.0011,6ZOS_AB,na
532,-0.6006,0.6304,-0.0067,7A79_AB,na
533,-0.5338,0.5717,-0.0047,7AOS_AB,na
534,-0.7531,0.4439,-0.0067,7APO_AB,na
535,-0.5538,0.6493,-0.0063,7BK4_AC,na
536,-0.5662,0.562,-0.0064,7CFO_AB,na
537,-0.0002,0.004,0.3332,7CFO_AC,na
538,-0.0002,0.0037,0.2972,7CFO_BD,na
539,-0.6196,0.4851,-0.0059,7CFO_CD,na
540,-0.6386,0.4765,-0.0059,7E2E_AB,na
541,-0.0,0.0004,0.0396,7JH2_AB,na
542,-0.9245,0.0587,-0.0021,7JHD_AB,na
543,-0.8814,-0.099,0.0012,7KBS_AB,na
544,-0.0002,0.0068,0.402,7MSA_AB,na
545,-0.9381,-0.0142,-0.0009,7MSA_CB,na
546,-0.9042,-0.2037,0.002,7MSA_DA,na
547,-0.0002,0.0071,0.4157,7MSA_DC,na
548,-0.8675,-0.2555,0.0037,7N9O_AB,na
549,-0.0002,-0.0006,0.0132,7N9O_AC,na
550,-0.8973,-0.2862,0.0036,7N9O_CD,na
551,-0.7553,0.3029,-0.0038,7NDO_AB,na
552,-0.8511,0.1121,-0.0014,7NEL_AB,na
553,-0.8777,-0.0053,0.0002,7NFB_AB,na
554,-0.7097,0.5502,-0.0075,7NKE_AC,na
555,-0.686,0.5645,-0.0074,7PDT_AB,na
556,-0.0002,0.0088,0.8049,7QP4_AB,na
557,-0.9192,0.1564,-0.0036,7QVJ_AB,na
558,-0.905,0.0467,-0.0018,7QVL_AB,na
559,-0.886,-0.2324,0.0026,7RKE_AB,na
560,-0.9175,-0.1921,0.0026,7RNM_AB,na
561,-0.9014,-0.0113,-0.0006,7RRX_AB,na
562,-0.0002,0.007,0.4124,7RRX_AD,na
563,-0.0002,0.007,0.4124,7RRX_BC,na
564,-0.9022,0.0358,-0.0014,7RRX_CD,na
565,-0.9042,-0.0486,1e-04,7RRY_AB,na
566,-0.0002,0.007,0.4124,7RRY_AD,na
567,-0.0002,0.007,0.4124,7RRY_BC,na
568,-0.9107,-0.1687,0.0014,7RRY_CD,na
569,-0.9416,-0.0227,-0.0009,7RRZ_AB,na
570,-0.0003,0.001,0.0155,7RRZ_BC,na
571,-0.9335,-0.1928,0.0022,7RRZ_CD,na
572,-0.9466,-0.1234,0.001,7RS0_AB,na
573,-0.0003,0.001,0.0155,7RS0_BC,na
574,-0.9342,-0.2364,0.0032,7RS0_CD,na
575,-0.898,-0.2862,0.0043,7RS1_AB,na
576,-0.0003,0.001,0.0155,7RS1_AD,na
577,-0.9419,-0.2054,0.0026,7RS1_CD,na
578,-0.9144,-0.2966,0.0044,7RS2_AB,na
579,-0.0003,0.001,0.0155,7RS2_AD,na
580,-0.9318,-0.2745,0.0039,7RS2_CD,na
581,-0.9144,-0.1394,0.0017,7RS3_AB,na
582,-0.0003,0.0076,0.3976,7RS3_AC,na
583,-1e-04,0.0031,0.2329,7RS3_AD,na
584,-0.0002,0.0074,0.4247,7RS3_BD,na
585,-0.8782,-0.1955,0.0027,7RS3_CD,na
586,-0.9382,0.0653,-0.0023,7RS4_AB,na
587,-0.0002,0.007,0.4124,7RS4_AD,na
588,-0.0002,0.007,0.4123,7RS4_BC,na
589,-0.9144,-0.2966,0.0044,7RS4_CD,na
590,-0.9318,-0.2745,0.0039,7RS7_AB,na
591,-0.0003,0.001,0.0153,7RS7_AD,na
592,-0.9276,-0.0428,-0.0,7RS7_CD,na
593,-0.9268,0.0072,-0.0011,7RS8_AB,na
594,-0.0003,0.001,0.0155,7RS8_BC,na
595,-0.9348,-0.2377,0.0032,7RS8_CD,na
596,-0.879,-0.3317,0.0044,7RS9_AB,na
597,-0.0003,0.001,0.0155,7RS9_BC,na
598,-0.9018,-0.3206,0.0042,7RS9_CD,na
599,-0.9083,-0.178,0.0018,7SFO_AB,na
600,-0.851,-0.0239,-0.0009,7T2X_AB,na
601,-0.8814,0.0855,-0.0028,7UJ7_AC,na
602,-0.8917,0.1928,-0.0044,7UJ7_DB,na
603,-0.0002,0.0023,0.1081,7UJ7_DC,na
604,-0.8705,0.1219,-0.0029,7UJ8_BA,na
605,-0.783,0.2841,-0.0045,7UJC_AB,na
606,-0.8876,-0.0663,-0.0004,7UJF_BA,na
607,-0.0002,-0.0006,0.0134,7UJF_BC,na
608,-0.915,-0.0702,0.0005,7UJF_CD,na
609,-0.9212,-0.2292,0.0031,7UJM_BA,na
610,-0.0002,-0.0006,0.0132,7UJM_BC,na
611,-0.93,-0.1561,0.0019,7UJM_CD,na
612,-0.9166,-0.164,0.0021,7UJO_BA,na
613,-0.0002,-0.0006,0.0134,7UJO_BC,na
614,-0.0,0.0004,0.0511,7UJO_BD,na
615,-0.0,1e-04,0.0118,7UJO_DC,na
616,-0.0165,-0.0154,0.0133,7UJW_BA,na
617,-0.8836,0.1344,-0.0029,7UJW_BC,na
618,-1e-04,0.0031,0.2329,7UJW_BD,na
619,-0.0,1e-04,0.0131,7UJW_CA,na
620,-0.0,0.0,0.0019,7UJW_DA,na
621,-0.0002,0.0049,0.267,7UJW_DC,na
622,-0.9348,-0.2377,0.0032,7UJY_BA,na
623,-0.0002,-0.0006,0.0134,7UJY_BC,na
624,-0.9375,-0.1676,0.002,7UJY_CD,na
625,-0.8696,0.2923,-0.0056,7WNV_AB,na
626,-0.0003,0.001,0.0155,7WNV_AD,na
627,-0.8424,0.3148,-0.0057,7WNV_CD,na
628,-0.004,0.0015,0.0704,7XQE_AB,na
629,-0.6472,0.404,-0.0031,7XVY_AB,na
630,-0.6966,0.3445,-0.0026,7XVZ_AB,na
631,-0.6986,0.4183,-0.0038,7XWP_AB,na
632,-0.6966,0.3445,-0.0026,7XWQ_AB,na
633,-0.6565,0.4246,-0.0037,7XWR_AB,na
634,-0.9419,-0.2054,0.0026,7Y8F_AB,na
635,-0.9333,-0.1595,0.002,7Y8G_AB,na
636,-0.9379,0.0186,-0.0016,7YMK_AB,na
637,-0.4948,0.5924,-0.0056,8C1L_AB,na
638,-0.898,0.1964,-0.0045,8DU6_AB,na
639,-0.898,0.1964,-0.0045,8DU8_AB,na
640,-0.9258,0.1079,-0.003,8DU9_AB,na
641,-0.898,0.1964,-0.0045,8DUB_AB,na
642,-0.8485,0.1615,-0.0027,8DUG_AB,na
643,-0.9165,0.0984,-0.0026,8DUH_AB,na
644,-0.9104,0.0543,-0.0019,8DUI_AB,na
645,-0.898,0.1964,-0.0045,8DUK_AB,na
646,-0.0,0.0004,0.0511,8DUK_AC,na
647,-0.9035,0.2037,-0.0041,8DUK_CD,na
648,-0.9121,0.1552,-0.0035,8DUS_AB,na
649,-0.9121,0.1552,-0.0035,8DUS_EF,na
650,-0.0,0.0004,0.0511,8DUS_EG,na
651,-0.9035,0.2037,-0.0041,8DUS_GH,na
652,-0.9407,-0.0341,-0.0007,8DV5_AB,na
653,-0.9071,0.151,-0.0034,8DV7_AB,na
654,-0.8255,0.3626,-0.0062,8DV8_AB,na
655,-0.8866,0.2461,-0.0052,8DVB_AB,na
656,-0.8892,-0.0646,0.0002,8EV1_AB,na
657,-0.8645,-0.0009,-0.0006,8EV2_AB,na
658,-0.9427,0.0244,-0.0017,8W03_AB,na
659,-0.0003,0.001,0.0155,8W03_BC,na
660,-0.9018,-0.3206,0.0042,8W03_CD,na
661,-1e-04,0.0002,0.0177,8WUY_AB,na
662,-0.0002,0.008,0.7601,8XU5_AB,na
663,-0.8575,0.2701,-0.0046,9BQE_AB,na
