index,1,2,3,4,5,id,group,cluster,colour
1,-0.831,0.1515,-0.2734,0.0028,-0.0024,1A52_AB,na,15.0,C15
2,-0.8273,0.1981,0.0507,-0.0002,0.0012,1ERE_AB,na,16.0,C16
3,-0.0001,-0.0005,0.0024,0.5286,0.1143,1ERE_AC,na,13.0,C13
4,-0.8175,0.0918,0.1092,-0.0011,0.0019,1ERE_CD,na,12.0,C12
5,-0.0001,-0.0004,0.0024,0.5185,0.1124,1ERE_DF,na,13.0,C13
6,-0.7598,0.233,0.3419,-0.0028,0.0024,1ERE_EF,na,12.0,C12
7,-0.8265,-0.0963,-0.3178,0.0016,0.0001,1ERR_AB,na,11.0,C11
8,-0.0001,-0.0002,0.0011,0.0135,0.0001,1FM6_AU,na,9.0,C9
9,-0.0,-0.0,0.0,0.0013,-0.0007,1G50_AC,na,9.0,C9
10,-0.8086,-0.3623,-0.0839,-0.0009,0.0017,1G50_BC,na,6.0,C6
11,-0.7255,0.1991,0.2844,-0.0028,0.0017,1GWQ_AB,na,12.0,C12
12,-0.7826,0.4969,0.2498,-0.0018,0.0013,1GWR_AB,na,7.0,C7
13,-0.5455,-0.2837,0.6585,-0.0042,0.0005,1H9U_AB,na,3.0,C3
14,-0.0001,-0.0007,0.0032,0.5781,0.0973,1H9U_AC,na,13.0,C13
15,-0.5455,-0.2837,0.6585,-0.0042,0.0005,1H9U_CD,na,3.0,C3
16,-0.579,-0.0383,0.4645,-0.0028,0.0003,1KV6_AB,na,8.0,C8
17,-0.7598,0.233,0.3419,-0.0028,0.0024,1L2I_AB,na,12.0,C12
18,-0.0001,-0.0001,0.0001,0.0065,-0.0017,1L2J_AB,na,9.0,C9
19,-0.5455,-0.2837,0.6585,-0.0042,0.0005,1MZN_AC,na,3.0,C3
20,-0.5455,-0.2837,0.6585,-0.0042,0.0005,1MZN_EG,na,3.0,C3
21,-0.0002,-0.0014,0.0002,0.0024,-0.013,1OVL_AB,na,9.0,C9
22,-0.053,-0.0072,0.0579,0.2069,-0.0337,1OVL_AC,na,1.0,C1
23,-0.0076,-0.027,0.0355,0.0039,-0.0086,1OVL_BF,na,9.0,C9
24,-0.0778,-0.0635,0.1228,0.1973,-0.0361,1OVL_DF,na,1.0,C1
25,-0.8767,-0.0365,-0.101,0.0006,-0.0,1PCG_AB,na,2.0,C2
26,-0.0,-0.0,0.0,0.0013,-0.0007,1QKU_AC,na,9.0,C9
27,-0.8086,-0.3623,-0.0839,-0.0009,0.0017,1QKU_BC,na,6.0,C6
28,-0.836,-0.1918,-0.1645,0.0004,0.001,1R5K_AB,na,11.0,C11
29,-0.0001,-0.0003,0.0013,0.1999,0.0165,1R5K_AC,na,1.0,C1
30,-0.5745,-0.2153,0.5881,-0.004,0.0009,1TFC_AB,na,3.0,C3
31,-0.0001,-0.0005,0.0024,0.4556,0.0968,1U3Q_AB,na,13.0,C13
32,-0.5009,-0.4836,0.2097,-0.0023,-0.0002,1U3Q_AC,na,18.0,C18
33,-0.0002,-0.0005,0.0007,0.0157,-0.0564,1U3Q_AD,na,9.0,C9
34,-0.0002,-0.0005,0.0007,0.0157,-0.0564,1U3Q_BC,na,9.0,C9
35,-0.5459,-0.0639,0.4797,-0.002,0.0003,1U3Q_BD,na,8.0,C8
36,-0.4886,-0.4313,0.3497,-0.0009,-0.0016,1U3R_AB,na,18.0,C18
37,-0.5177,-0.4386,0.3199,-0.0015,-0.0013,1U3S_AB,na,18.0,C18
38,-0.5157,-0.4995,0.2539,-0.0015,-0.0007,1U9E_AB,na,18.0,C18
39,-0.4937,-0.443,0.3467,-0.0018,-0.0009,1X76_AB,na,18.0,C18
40,-0.5157,-0.4995,0.2539,-0.0015,-0.0007,1X78_AB,na,18.0,C18
41,-0.5056,-0.4375,0.3121,-0.0017,-0.0007,1X7B_AB,na,18.0,C18
42,-0.7855,-0.4703,-0.1479,-0.0009,0.0022,1X7E_AB,na,17.0,C17
43,-0.4467,-0.3675,0.5112,-0.0026,-0.0013,1X7J_AB,na,3.0,C3
44,-0.5112,-0.3092,0.6613,-0.004,0.0001,1XIU_AB,na,3.0,C3
45,-0.0001,-0.0005,0.0011,0.0027,-0.0121,1XLS_AB,na,9.0,C9
46,-0.0002,-0.0002,0.0004,0.0014,-0.0056,1XLS_AC,na,9.0,C9
47,-0.9011,0.1666,-0.2433,0.0021,-0.0016,1XQC_AB,na,15.0,C15
48,-0.0004,-0.0009,0.0027,0.1076,-0.1362,1XQC_AC,na,19.0,C19
49,-0.0002,-0.0003,0.0002,0.0727,-0.3833,1XQC_BC,na,14.0,C14
50,-0.8767,-0.0365,-0.101,0.0006,-0.0,1XQC_CD,na,2.0,C2
51,-0.3432,-0.3535,0.3819,-0.0004,-0.0016,1XV9_AB,na,10.0,C10
52,-0.0002,-0.0004,0.0004,0.0482,-0.1871,1XV9_AC,na,19.0,C19
53,-0.0001,-0.0004,0.0016,0.0854,-0.2474,1XV9_AD,na,19.0,C19
54,-0.3031,-0.3021,0.4602,-0.0007,-0.0012,1XV9_CD,na,10.0,C10
55,-0.3512,-0.3843,0.4274,-0.0008,-0.0019,1XVP_AB,na,10.0,C10
56,-0.0002,-0.0004,0.0004,0.0466,-0.1787,1XVP_AC,na,19.0,C19
57,-0.0001,-0.0004,0.0016,0.0854,-0.2474,1XVP_AD,na,19.0,C19
58,-0.3009,-0.3279,0.4944,-0.0011,-0.0012,1XVP_CD,na,10.0,C10
59,-0.4931,-0.4734,0.3119,-0.0018,-0.0007,1YY4_AB,na,18.0,C18
60,-0.4209,-0.3397,0.5722,-0.003,-0.0004,1YYE_AB,na,3.0,C3
61,-0.5103,-0.4511,0.2978,-0.0015,-0.0012,1ZAF_AB,na,18.0,C18
62,-0.8265,-0.0963,-0.3178,0.0016,0.0001,1ZKY_AB,na,11.0,C11
63,-0.8284,-0.0986,-0.3221,0.0017,-0.0001,2B1V_AB,na,11.0,C11
64,-0.7826,0.4969,0.2498,-0.0018,0.0013,2B1Z_AB,na,7.0,C7
65,-0.8086,-0.3623,-0.0839,-0.0009,0.0017,2B23_AB,na,6.0,C6
66,-0.8181,-0.1089,-0.1495,0.0004,-0.0004,2BJ4_AB,na,2.0,C2
67,-0.4919,-0.1834,0.5435,-0.0033,-0.0002,2EWP_AB,na,3.0,C3
68,-0.0001,-0.0,0.0004,0.0743,0.0141,2EWP_AD,na,9.0,C9
69,-0.5462,-0.2969,0.4459,-0.0025,-0.001,2EWP_CD,na,3.0,C3
70,-0.7826,0.4969,0.2498,-0.0018,0.0013,2FAI_AB,na,7.0,C7
71,-0.4743,-0.3959,0.3615,-0.0028,-0.0008,2FSZ_AB,na,18.0,C18
72,-0.8379,0.316,-0.012,0.0002,0.0007,2G44_AB,na,16.0,C16
73,-0.7826,0.4969,0.2498,-0.0018,0.0013,2G5O_AB,na,7.0,C7
74,-0.5103,-0.142,0.4392,-0.0029,0.0001,2GP7_AB,na,8.0,C8
75,-0.0048,-0.0155,0.0365,0.0042,-0.0031,2GP7_AD,na,9.0,C9
76,-0.0048,-0.0155,0.0365,0.0042,-0.0031,2GP7_BC,na,9.0,C9
77,-0.6065,-0.3181,0.4671,-0.0028,-0.0005,2GP7_CD,na,3.0,C3
78,-0.5607,0.0009,0.389,-0.0022,0.0001,2GPP_AB,na,8.0,C8
79,-0.0001,-0.0001,0.0001,0.0427,-0.2418,2GPV_AB,na,19.0,C19
80,-0.5604,-0.0827,0.5013,-0.0032,0.0002,2GPV_AD,na,8.0,C8
81,-0.0003,-0.0008,0.0026,0.1365,-0.128,2GPV_AE,na,19.0,C19
82,-0.0003,-0.0007,0.0021,0.1112,-0.1522,2GPV_BD,na,19.0,C19
83,-0.6071,-0.1298,0.5112,-0.0032,0.0014,2GPV_BE,na,8.0,C8
84,-0.5745,-0.2153,0.5881,-0.004,0.0009,2GPV_CF,na,3.0,C3
85,-0.2807,-0.4291,0.1732,-0.0018,-0.0011,2I0G_AB,na,10.0,C10
86,-0.8041,-0.1449,-0.3244,0.0015,-0.0,2I0J_AB,na,11.0,C11
87,-0.8474,-0.016,-0.2971,0.0018,-0.0007,2I0J_CD,na,11.0,C11
88,-0.7906,0.2676,0.1636,-0.001,0.0011,2IOK_AB,na,12.0,C12
89,-0.7279,-0.4155,-0.1194,-0.0006,0.0008,2JF9_AB,na,17.0,C17
90,-0.0,0.0001,0.0003,0.0602,0.0117,2JF9_AC,na,9.0,C9
91,-0.8082,0.2028,-0.0565,0.0002,0.0011,2JFA_AB,na,0.0,C0
92,-0.2807,-0.4291,0.1732,-0.0018,-0.0011,2JJ3_AB,na,10.0,C10
93,-0.4209,-0.3397,0.5722,-0.003,-0.0004,2NV7_AB,na,3.0,C3
94,-0.7826,0.4969,0.2498,-0.0018,0.0013,2P15_AB,na,7.0,C7
95,-0.4937,-0.3081,0.647,-0.0038,-0.0001,2PJL_AB,na,3.0,C3
96,-0.82,-0.0685,-0.3004,0.0017,-0.0005,2POG_AB,na,11.0,C11
97,-0.7066,0.0399,-0.2377,0.0023,-0.0021,2Q6J_AB,na,15.0,C15
98,-0.7668,-0.1035,-0.3418,0.0022,-0.0008,2Q70_AB,na,11.0,C11
99,-0.7826,0.4969,0.2498,-0.0018,0.0013,2QA6_AB,na,7.0,C7
100,-0.5689,-0.29,-0.229,0.0011,-0.0001,2QA8_AB,na,6.0,C6
101,-0.782,-0.0923,-0.2513,0.0011,-0.0001,2QAB_AB,na,11.0,C11
102,-0.8047,-0.1645,-0.2564,0.001,-0.0001,2QE4_AB,na,11.0,C11
103,-0.7698,-0.3685,-0.2668,0.0002,0.0012,2QGT_AB,na,6.0,C6
104,-0.7395,-0.3764,-0.2537,0.0001,0.0012,2QGW_AB,na,6.0,C6
105,-0.8622,0.0982,-0.2462,0.0019,-0.0014,2QH6_AB,na,15.0,C15
106,-0.7703,0.3566,0.2963,-0.002,0.0017,2QR9_AB,na,7.0,C7
107,-0.8382,0.3125,-0.0162,0.0005,-0.0013,2QSE_AB,na,16.0,C16
108,-0.2807,-0.4291,0.1732,-0.0018,-0.0011,2QTU_AB,na,10.0,C10
109,-0.0319,-0.0497,0.0532,0.0006,-0.0024,2QW4_AC,na,9.0,C9
110,-0.0002,-0.0007,0.0014,0.0028,-0.0013,2QW4_AD,na,9.0,C9
111,-0.0,-0.0,0.0,0.0041,-0.0248,2QW4_BC,na,9.0,C9
112,-0.0561,-0.0221,-0.0635,0.0016,-0.0026,2QW4_BD,na,9.0,C9
113,-0.9011,0.1666,-0.2433,0.0021,-0.0016,2QXM_AB,na,15.0,C15
114,-0.7767,0.1269,-0.0824,0.0004,-0.0008,2QXS_AB,na,0.0,C0
115,-0.7319,0.0908,-0.2349,0.0025,-0.0023,2QZO_AB,na,15.0,C15
116,-0.9011,0.1666,-0.2433,0.0021,-0.0016,2R6W_AB,na,15.0,C15
117,-0.8681,0.2364,-0.1342,0.0014,-0.0016,2R6Y_AB,na,0.0,C0
118,-0.4911,-0.4541,0.247,-0.0026,-0.0002,2YJD_AB,na,18.0,C18
119,-0.5291,-0.1015,0.3305,-0.0006,-0.001,2YLY_AB,na,8.0,C8
120,-0.2807,-0.4291,0.1732,-0.0018,-0.0011,2Z4B_AB,na,10.0,C10
121,-0.5455,-0.2837,0.6585,-0.0042,0.0005,2ZY0_AC,na,3.0,C3
122,-0.572,-0.1163,0.5089,-0.0028,0.0006,3A9E_AB,na,8.0,C8
123,-0.5111,-0.3664,0.4699,-0.0027,-0.0009,3D24_AC,na,3.0,C3
124,-0.8118,0.4027,0.1155,-0.0005,-0.0008,3DT3_AB,na,16.0,C16
125,-0.743,-0.4949,-0.1538,-0.0009,0.0021,3ERD_AB,na,17.0,C17
126,-0.831,0.1515,-0.2734,0.0028,-0.0024,3HLV_AB,na,15.0,C15
127,-0.7826,0.4969,0.2498,-0.0018,0.0013,3HM1_AB,na,7.0,C7
128,-0.0002,-0.0003,0.0006,0.034,-0.0479,3KMZ_BA,na,9.0,C9
129,-0.9011,0.1666,-0.2433,0.0021,-0.0016,3L03_AB,na,15.0,C15
130,-0.0,0.0,0.0,0.0162,0.001,3L0L_AB,na,9.0,C9
131,-0.2477,-0.3147,0.4067,-0.0033,-0.0005,3OLL_AB,na,10.0,C10
132,-0.5337,-0.5483,0.0605,-0.0014,0.0005,3OLS_AB,na,18.0,C18
133,-0.5226,-0.5615,0.1219,-0.0019,0.0003,3OMO_AB,na,18.0,C18
134,-0.4533,-0.5425,0.1086,-0.0015,-0.0,3OMP_AB,na,18.0,C18
135,-0.5555,-0.5774,0.084,-0.0018,0.0005,3OMQ_AB,na,18.0,C18
136,-0.7345,-0.2083,-0.1647,0.0002,-0.0,3OS8_AC,na,6.0,C6
137,-0.0003,-0.0007,0.0017,0.1477,-0.676,3OS8_AD,na,4.0,C4
138,-0.0003,-0.0007,0.0017,0.1477,-0.676,3OS8_BC,na,4.0,C4
139,-0.7134,-0.4344,-0.1809,-0.0003,0.0015,3OS8_BD,na,17.0,C17
140,-0.8382,0.3125,-0.0162,0.0005,-0.0013,3OS9_AC,na,16.0,C16
141,-0.0003,-0.0007,0.0019,0.1685,-0.7954,3OS9_AD,na,4.0,C4
142,-0.0003,-0.0007,0.0019,0.1685,-0.7954,3OS9_BC,na,4.0,C4
143,-0.8118,0.4027,0.1155,-0.0005,-0.0008,3OS9_BD,na,16.0,C16
144,-0.7445,-0.228,-0.1883,0.0004,-0.0004,3OSA_AC,na,6.0,C6
145,-0.0003,-0.0007,0.0017,0.1299,-0.5585,3OSA_AD,na,14.0,C14
146,-0.0003,-0.0007,0.0017,0.1477,-0.676,3OSA_BC,na,4.0,C4
147,-0.7125,-0.3855,-0.1927,-0.0003,0.0008,3OSA_BD,na,6.0,C6
148,-0.5279,-0.2983,0.6621,-0.0041,0.0002,3OZJ_AC,na,3.0,C3
149,-0.3069,-0.2953,0.4982,-0.0018,-0.0008,3P0U_AB,na,10.0,C10
150,-0.0031,-0.01,0.0088,0.0068,-0.0097,3PLZ_AB,na,9.0,C9
151,-0.7826,0.4969,0.2498,-0.0018,0.0013,3Q95_AB,na,7.0,C7
152,-0.5747,-0.0667,0.3865,-0.0032,0.0005,3R29_AB,na,8.0,C8
153,-0.5093,-0.2923,0.6223,-0.004,0.0004,3R2A_AB,na,3.0,C3
154,-0.0002,-0.0003,0.0002,0.0715,-0.4036,3R2A_AC,na,14.0,C14
155,-0.0002,-0.0005,0.0018,0.0899,-0.146,3R2A_AD,na,19.0,C19
156,-0.0002,-0.0005,0.0018,0.0899,-0.146,3R2A_BC,na,19.0,C19
157,-0.0002,-0.0003,0.0002,0.0715,-0.4036,3R2A_BD,na,14.0,C14
158,-0.5352,-0.1124,0.4476,-0.0026,0.0,3R2A_CD,na,8.0,C8
159,-0.4764,-0.3032,0.6259,-0.0036,-0.0001,3R5M_AC,na,3.0,C3
160,-0.0,-0.0001,0.0002,0.0267,0.0015,3UP0_AB,na,9.0,C9
161,-0.8175,0.0918,0.1092,-0.0011,0.0019,3UU7_AB,na,12.0,C12
162,-0.8175,0.0918,0.1092,-0.0011,0.0019,3UUA_AB,na,12.0,C12
163,-0.8033,0.0656,0.0794,-0.0006,-0.0003,3UUC_AB,na,2.0,C2
164,-0.0009,-0.0004,-0.0018,0.0046,-0.0059,3UUC_BC,na,9.0,C9
165,-0.0001,-0.0004,0.0017,0.215,0.0431,3UUC_BD,na,1.0,C1
166,-0.0,-0.0,0.0,0.0004,-0.0006,3UUC_CD,na,9.0,C9
167,-0.7598,0.233,0.3419,-0.0028,0.0024,3UUD_AB,na,12.0,C12
168,-0.0,-0.0,0.0,0.0041,-0.0248,3V3E_BA,na,9.0,C9
169,-0.5111,0.1069,0.2641,-0.0012,0.0007,4DK7_AC,na,8.0,C8
170,-0.5111,0.1069,0.2641,-0.0012,0.0007,4DK8_AC,na,8.0,C8
171,-0.6105,-0.2912,0.2054,-0.0,-0.0006,4DM6_AB,na,18.0,C18
172,-0.6199,0.0414,0.4607,-0.0022,0.001,4DM8_AB,na,8.0,C8
173,-0.7764,-0.4382,-0.1276,-0.0009,0.0018,4DMA_AB,na,17.0,C17
174,-0.6159,0.2099,0.3704,-0.0013,0.0002,4DQM_AC,na,12.0,C12
175,-0.0,-0.0,0.0,0.0006,-0.0002,4IS8_AB,na,9.0,C9
176,-0.809,-0.3639,-0.0857,-0.0008,0.0015,4IU7_AB,na,6.0,C6
177,-0.824,-0.2848,-0.1258,-0.0003,0.0014,4IUI_AB,na,6.0,C6
178,-0.7715,-0.4944,-0.1615,-0.0009,0.0022,4IV2_AB,na,17.0,C17
179,-0.7462,-0.5111,-0.1056,-0.0009,0.0019,4IV4_AB,na,17.0,C17
180,-0.7855,-0.4703,-0.1479,-0.0009,0.0022,4IVW_AB,na,17.0,C17
181,-0.8086,-0.3623,-0.0839,-0.0009,0.0017,4IVY_AB,na,6.0,C6
182,-0.7855,-0.4703,-0.1479,-0.0009,0.0022,4IW6_AB,na,17.0,C17
183,-0.7855,-0.4703,-0.1479,-0.0009,0.0022,4IW8_AB,na,17.0,C17
184,-0.9011,0.1666,-0.2433,0.0021,-0.0016,4IWC_AB,na,15.0,C15
185,-0.7605,-0.2505,-0.2734,0.0007,0.0005,4IWF_AB,na,11.0,C11
186,-0.5666,-0.337,0.3593,-0.0029,-0.0005,4J24_AB,na,18.0,C18
187,-0.0,0.0,0.0,0.0039,-0.0001,4J24_AC,na,9.0,C9
188,-0.4911,-0.4541,0.247,-0.0026,-0.0002,4J24_CD,na,18.0,C18
189,-0.3573,-0.3374,0.5912,-0.0023,-0.0009,4J26_AB,na,3.0,C3
190,-0.0,-0.0,0.0,0.003,-0.0182,4JGV_AB,na,9.0,C9
191,-0.6159,0.2099,0.3704,-0.0013,0.0002,4JYI_AB,na,12.0,C12
192,-0.0,-0.0,0.0,0.0041,-0.0248,4KZI_BA,na,9.0,C9
193,-0.0,-0.0,0.0,0.0041,-0.0248,4KZJ_BA,na,9.0,C9
194,-0.8568,-0.1414,-0.057,-0.0001,0.0004,4MG6_AB,na,2.0,C2
195,-0.8106,-0.2304,-0.1757,0.0004,0.0011,4MG7_AB,na,6.0,C6
196,-0.7871,0.1594,0.2201,-0.0018,0.002,4MG8_AB,na,12.0,C12
197,-0.7988,-0.313,-0.1359,-0.0003,0.0014,4MG9_AB,na,6.0,C6
198,-0.7871,0.1594,0.2201,-0.0018,0.002,4MGA_AB,na,12.0,C12
199,-0.7598,0.233,0.3419,-0.0028,0.0024,4MGB_AB,na,12.0,C12
200,-0.8454,-0.0136,-0.2928,0.0018,-0.0005,4MGC_AB,na,11.0,C11
201,-0.7941,0.0043,0.0626,-0.001,0.0024,4MGD_AB,na,2.0,C2
202,-0.0002,-0.0008,0.0042,0.7678,0.1385,4NB6_AB,na,5.0,C5
203,-0.0003,-0.0008,0.0023,0.0337,-0.0285,4ONI_AB,na,9.0,C9
204,-0.0001,-0.0003,0.0003,0.0306,-0.1621,4PLE_AC,na,19.0,C19
205,-0.1084,-0.0028,-0.0273,0.0464,-0.2342,4PLE_AE,na,19.0,C19
206,-0.1367,-0.0247,0.0108,0.0258,-0.1179,4PLE_AG,na,19.0,C19
207,-0.0001,-0.0004,0.0012,0.0012,-0.0022,4PLE_CG,na,9.0,C9
208,-0.7928,-0.2131,-0.3522,0.0014,0.0005,4PP6_AB,na,11.0,C11
209,-0.9011,0.1666,-0.2433,0.0021,-0.0016,4PPP_AB,na,15.0,C15
210,-0.8397,0.1315,-0.1707,0.0013,-0.0012,4PPS_AB,na,15.0,C15
211,-0.9011,0.1666,-0.2433,0.0021,-0.0016,4PXM_AB,na,15.0,C15
212,-0.7826,0.4969,0.2498,-0.0018,0.0013,4Q13_AB,na,7.0,C7
213,-0.0,-0.0003,0.0002,0.0038,-0.009,4Q50_AB,na,9.0,C9
214,-0.0002,-0.0006,0.0028,0.2852,-0.0023,4Q50_AD,na,1.0,C1
215,-0.7488,-0.1408,-0.0764,0.0006,-0.0006,4Q50_AF,na,2.0,C2
216,-0.0002,-0.0006,0.0028,0.3044,0.0044,4Q50_BC,na,1.0,C1
217,-0.0001,-0.0001,-0.0006,0.0012,-0.0,4Q50_BD,na,9.0,C9
218,-0.7624,-0.1936,-0.0226,-0.0001,-0.0003,4Q50_BE,na,2.0,C2
219,-0.0001,-0.0005,0.0001,0.0009,-0.0051,4Q50_BF,na,9.0,C9
220,-0.0,-0.0002,0.0002,0.0036,-0.0083,4Q50_CD,na,9.0,C9
221,-0.831,0.1515,-0.2734,0.0028,-0.0024,4Q50_CG,na,15.0,C15
222,-0.0001,-0.0005,0.0004,0.0011,-0.0062,4Q50_DG,na,9.0,C9
223,-0.7947,0.0846,-0.2727,0.0025,-0.0021,4Q50_DH,na,15.0,C15
224,-0.0,-0.0001,0.0001,0.0023,-0.0035,4Q50_EF,na,9.0,C9
225,-0.0,-0.0001,0.0001,0.0023,-0.0035,4Q50_GH,na,9.0,C9
226,-0.0002,-0.0009,0.0049,0.9045,0.1651,4QM0_AC,na,5.0,C5
227,-0.0,-0.0,0.0,0.003,-0.0182,4RE8_BA,na,9.0,C9
228,-0.0,-0.0,0.0,0.0041,-0.0248,4REE_BA,na,9.0,C9
229,-0.0,-0.0,0.0,0.003,-0.0182,4REF_BA,na,9.0,C9
230,-0.0,-0.0,0.0,0.0041,-0.0248,4RZF_BA,na,9.0,C9
231,-0.0,-0.0,0.0,0.0041,-0.0248,4RZG_BA,na,9.0,C9
232,-0.8082,0.3978,0.1133,-0.0008,0.0011,4TUZ_AB,na,16.0,C16
233,-0.8293,-0.1036,-0.3199,0.0016,0.0001,4TV1_AB,na,11.0,C11
234,-0.0,-0.0,0.0,0.0041,-0.0248,4WHF_BA,na,9.0,C9
235,-0.0,-0.0,0.0,0.0041,-0.0248,4WHG_BA,na,9.0,C9
236,-0.0002,-0.0009,0.0049,0.9157,0.1691,4WQP_AB,na,5.0,C5
237,-0.0,-0.0004,0.0005,0.0017,-0.006,4XI3_AB,na,9.0,C9
238,-0.6993,0.4544,0.2007,-0.001,0.0005,4XI3_AC,na,7.0,C7
239,-0.7826,0.4969,0.2498,-0.0018,0.0013,4XI3_BD,na,7.0,C7
240,-0.0002,-0.0004,0.0001,0.0693,-0.3955,4ZJR_AB,na,14.0,C14
241,-0.0002,-0.0009,0.0048,0.8708,0.1562,4ZJR_AC,na,5.0,C5
242,-0.0002,-0.0009,0.0048,0.8764,0.1572,4ZJR_BD,na,5.0,C5
243,-0.0002,-0.0004,0.0001,0.0693,-0.3955,4ZJR_CD,na,14.0,C14
244,-0.8205,-0.2761,-0.1263,-0.0002,0.0012,4ZN7_AB,na,6.0,C6
245,-0.778,0.1197,-0.2533,0.0027,-0.0025,4ZN9_AB,na,15.0,C15
246,-0.9011,0.1666,-0.2433,0.0021,-0.0016,4ZNH_AB,na,15.0,C15
247,-0.78,-0.1039,0.0913,-0.0016,0.0026,4ZNS_AB,na,2.0,C2
248,-0.7941,0.0043,0.0626,-0.001,0.0024,4ZNT_AB,na,2.0,C2
249,-0.7668,-0.1804,0.0465,-0.0016,0.003,4ZNU_AB,na,2.0,C2
250,-0.7855,-0.4703,-0.1479,-0.0009,0.0022,4ZNV_AB,na,17.0,C17
251,-0.7855,-0.4703,-0.1479,-0.0009,0.0022,4ZNW_AB,na,17.0,C17
252,-0.0002,-0.0009,0.0049,0.9152,0.1691,4ZOM_AB,na,5.0,C5
253,-0.0002,-0.0004,0.0001,0.0693,-0.3955,4ZOM_AD,na,14.0,C14
254,-0.0002,-0.0004,0.0001,0.0693,-0.3955,4ZOM_BC,na,14.0,C14
255,-0.0002,-0.0009,0.0049,0.9177,0.1693,4ZOM_CD,na,5.0,C5
256,-0.8728,0.0663,-0.2691,0.0019,-0.0009,5AAU_AB,na,15.0,C15
257,-0.7956,-0.2363,-0.0122,-0.0008,0.0007,5AAV_AB,na,2.0,C2
258,-0.9011,0.1666,-0.2433,0.0021,-0.0016,5AK2_AB,na,15.0,C15
259,-0.0002,-0.0009,0.0049,0.9125,0.1677,5APK_AB,na,5.0,C5
260,-0.0002,-0.0008,0.0045,0.8964,0.1917,5AYG_AB,na,5.0,C5
261,-0.7826,0.4969,0.2498,-0.0018,0.0013,5DI7_AB,na,7.0,C7
262,-0.8265,-0.0963,-0.3178,0.0016,0.0001,5DID_AB,na,11.0,C11
263,-0.87,0.0744,-0.2691,0.002,-0.0012,5DIE_AB,na,15.0,C15
264,-0.7826,0.4969,0.2498,-0.0018,0.0013,5DIG_AB,na,7.0,C7
265,-0.7855,-0.4703,-0.1479,-0.0009,0.0022,5DK9_AB,na,17.0,C17
266,-0.805,-0.3183,-0.2249,0.0003,0.0016,5DKB_AB,na,6.0,C6
267,-0.6299,-0.3605,-0.1801,0.0001,0.0008,5DKE_AB,na,6.0,C6
268,-0.8207,-0.0591,-0.0406,-0.0003,0.0019,5DKG_AB,na,2.0,C2
269,-0.8024,-0.2663,-0.3056,0.0008,0.0009,5DKS_AB,na,11.0,C11
270,-0.8482,-0.0219,-0.2925,0.0017,-0.0003,5DL4_AB,na,11.0,C11
271,-0.7855,-0.4703,-0.1479,-0.0009,0.0022,5DLR_AB,na,17.0,C17
272,-0.7715,-0.4944,-0.1615,-0.0009,0.0022,5DMC_AB,na,17.0,C17
273,-0.8115,-0.1726,-0.3451,0.0015,0.0005,5DMF_AB,na,11.0,C11
274,-0.8074,-0.1348,-0.0714,-0.0002,0.0013,5DP0_AB,na,2.0,C2
275,-0.8651,0.2343,-0.1346,0.0011,0.0002,5DRJ_AB,na,0.0,C0
276,-0.8382,0.3125,-0.0162,0.0005,-0.0013,5DRM_AB,na,16.0,C16
277,-0.7826,0.4969,0.2498,-0.0018,0.0013,5DTV_AB,na,7.0,C7
278,-0.7826,0.4969,0.2498,-0.0018,0.0013,5DU5_AB,na,7.0,C7
279,-0.7826,0.4969,0.2498,-0.0018,0.0013,5DUE_AB,na,7.0,C7
280,-0.8651,0.2343,-0.1346,0.0011,0.0002,5DUG_AB,na,0.0,C0
281,-0.807,0.2052,-0.0542,0.0001,0.0012,5DUH_AB,na,0.0,C0
282,-0.783,-0.4305,-0.2022,-0.0003,0.0019,5DVS_AB,na,6.0,C6
283,-0.6505,-0.4941,-0.1098,-0.0008,0.0012,5DVV_AB,na,17.0,C17
284,-0.783,-0.4305,-0.2022,-0.0003,0.0019,5DWE_AB,na,6.0,C6
285,-0.743,-0.4949,-0.1538,-0.0009,0.0021,5DWG_AB,na,17.0,C17
286,-0.783,-0.4305,-0.2022,-0.0003,0.0019,5DWI_AB,na,6.0,C6
287,-0.783,-0.4305,-0.2022,-0.0003,0.0019,5DWJ_AB,na,6.0,C6
288,-0.831,0.1515,-0.2734,0.0028,-0.0024,5DX3_AB,na,15.0,C15
289,-0.855,-0.1186,-0.1342,0.0005,0.0005,5DXB_AB,na,2.0,C2
290,-0.8498,-0.0233,-0.2968,0.0018,-0.0005,5DXE_AB,na,11.0,C11
291,-0.9011,0.1666,-0.2433,0.0021,-0.0016,5DXG_AB,na,15.0,C15
292,-0.7826,0.4969,0.2498,-0.0018,0.0013,5DXK_AB,na,7.0,C7
293,-0.8711,0.2408,-0.1268,0.0013,-0.0011,5DXM_AB,na,0.0,C0
294,-0.815,-0.1996,-0.2762,0.0009,0.0006,5DXP_AB,na,11.0,C11
295,-0.8136,-0.2781,-0.2164,0.0005,0.0011,5DXQ_AB,na,6.0,C6
296,-0.7818,-0.1075,0.091,-0.0016,0.0026,5DXR_AB,na,2.0,C2
297,-0.7462,-0.5111,-0.1056,-0.0009,0.0019,5DY8_AB,na,17.0,C17
298,-0.705,-0.5484,-0.0014,-0.0016,0.0014,5DYB_AB,na,17.0,C17
299,-0.7973,-0.4213,-0.1174,-0.0009,0.002,5DYD_AB,na,17.0,C17
300,-0.705,-0.5484,-0.0014,-0.0016,0.0014,5DZ0_AB,na,17.0,C17
301,-0.6929,-0.5399,0.0631,-0.002,0.0013,5DZ1_AB,na,17.0,C17
302,-0.7253,-0.5322,-0.0513,-0.0012,0.0015,5DZ3_AB,na,17.0,C17
303,-0.7147,-0.529,0.0159,-0.0017,0.0014,5DZH_AB,na,17.0,C17
304,-0.8651,0.2343,-0.1346,0.0011,0.0002,5DZI_AB,na,0.0,C0
305,-0.7484,-0.5152,-0.1037,-0.0012,0.0018,5E0W_AB,na,17.0,C17
306,-0.7882,-0.3498,-0.2364,0.0003,0.0016,5E0X_AB,na,6.0,C6
307,-0.7973,-0.4213,-0.1174,-0.0009,0.002,5E14_AB,na,17.0,C17
308,-0.6334,-0.3971,-0.0533,-0.0007,0.0006,5E15_AB,na,17.0,C17
309,-0.8081,-0.3412,-0.1598,-0.0002,0.0015,5E19_AB,na,6.0,C6
310,-0.8568,-0.1414,-0.057,-0.0001,0.0004,5E1C_AB,na,2.0,C2
311,-0.8767,-0.0365,-0.101,0.0006,-0.0,5EGV_AB,na,2.0,C2
312,-0.7855,-0.4703,-0.1479,-0.0009,0.0022,5EHJ_AB,na,17.0,C17
313,-0.7928,-0.2131,-0.3522,0.0014,0.0005,5EI1_AB,na,11.0,C11
314,-0.7722,-0.1882,-0.2488,0.0009,-0.0,5EIT_AB,na,11.0,C11
315,-0.0222,-0.0181,-0.0289,0.0018,-0.0079,5ETH_AB,na,9.0,C9
316,-0.7928,-0.2131,-0.3522,0.0014,0.0005,5HYR_AB,na,11.0,C11
317,-0.536,-0.0603,0.4929,-0.0019,0.0003,5I4V_AB,na,8.0,C8
318,-0.0003,-0.0009,0.0026,0.0557,-0.0982,5I4V_BE,na,19.0,C19
319,-0.5759,-0.0541,0.5261,-0.0023,0.0005,5I4V_EF,na,8.0,C8
320,-0.0314,-0.0384,-0.0428,0.0018,-0.008,5IXK_AB,na,9.0,C9
321,-0.0,0.0,0.0001,0.0169,0.0009,5IZ0_AB,na,9.0,C9
322,-0.0001,-0.0002,0.0,0.0478,-0.2721,5IZ0_AG,na,19.0,C19
323,-0.0,0.0,0.0001,0.0171,0.0008,5IZ0_DG,na,9.0,C9
324,-0.7855,-0.4703,-0.1479,-0.0009,0.0022,5JMM_AB,na,17.0,C17
325,-0.0002,-0.0009,0.0049,0.9261,0.1719,5K38_AB,na,5.0,C5
326,-0.0001,-0.0002,0.0002,0.0655,-0.3819,5K3L_AB,na,14.0,C14
327,-0.1731,-0.1426,0.2276,0.0007,-0.0007,5K3L_BD,na,10.0,C10
328,-0.0002,-0.0004,0.0002,0.0885,-0.5085,5K3L_CD,na,14.0,C14
329,-0.0,-0.0001,0.0003,0.0674,0.0133,5K3M_AB,na,9.0,C9
330,-0.0001,-0.0002,0.0002,0.0655,-0.3819,5K3N_AB,na,14.0,C14
331,-0.1899,-0.1675,0.2668,0.0006,-0.0008,5K3N_BD,na,10.0,C10
332,-0.0001,-0.0002,0.0002,0.0655,-0.3819,5K3N_CD,na,14.0,C14
333,-0.0003,-0.0005,0.001,0.1108,-0.1475,5K6E_AB,na,19.0,C19
334,-0.0002,-0.0009,0.0048,0.912,0.1676,5K74_AB,na,5.0,C5
335,-0.7758,-0.0779,0.0183,-0.001,0.0027,5KCC_AB,na,2.0,C2
336,-0.831,0.1515,-0.2734,0.0028,-0.0024,5KCD_AB,na,15.0,C15
337,-0.7248,-0.071,-0.1126,0.0012,-0.001,5KCE_AB,na,2.0,C2
338,-0.7598,0.233,0.3419,-0.0028,0.0024,5KCF_AB,na,12.0,C12
339,-0.7598,0.233,0.3419,-0.0028,0.0024,5KCT_AB,na,12.0,C12
340,-0.7598,0.233,0.3419,-0.0028,0.0024,5KCU_AB,na,12.0,C12
341,-0.7598,0.233,0.3419,-0.0028,0.0024,5KCW_AB,na,12.0,C12
342,-0.7598,0.233,0.3419,-0.0028,0.0024,5KD9_AB,na,12.0,C12
343,-0.8651,0.2343,-0.1346,0.0011,0.0002,5KR9_AB,na,0.0,C0
344,-0.8379,0.316,-0.012,0.0002,0.0007,5KRA_AB,na,16.0,C16
345,-0.0001,-0.0004,0.0006,0.0012,-0.0033,5KRA_AE,na,9.0,C9
346,-0.0,-0.0002,0.0005,0.0024,-0.0038,5KRA_BE,na,9.0,C9
347,-0.8175,0.0918,0.1092,-0.0011,0.0019,5KRA_EF,na,12.0,C12
348,-0.7826,0.4969,0.2498,-0.0018,0.0013,5KRC_AB,na,7.0,C7
349,-0.748,-0.5153,-0.1047,-0.0012,0.0018,5KRF_AB,na,17.0,C17
350,-0.8175,0.0918,0.1092,-0.0011,0.0019,5KRH_AB,na,12.0,C12
351,-0.7826,0.4969,0.2498,-0.0018,0.0013,5KRI_AB,na,7.0,C7
352,-0.8486,0.0273,0.0053,-0.0001,0.0003,5KRJ_AB,na,2.0,C2
353,-0.7859,-0.406,-0.2007,-0.0002,0.0016,5KRK_AB,na,6.0,C6
354,-0.9011,0.1666,-0.2433,0.0021,-0.0016,5KRL_AB,na,15.0,C15
355,-0.8265,-0.0963,-0.3178,0.0016,0.0001,5KRM_AB,na,11.0,C11
356,-0.9011,0.1666,-0.2433,0.0021,-0.0016,5KRO_AB,na,15.0,C15
357,-0.0001,-0.0006,0.0031,0.5983,0.1095,5M96_AB,na,13.0,C13
358,-0.5279,-0.2983,0.6621,-0.0041,0.0002,5MK4_AC,na,3.0,C3
359,-0.0,0.0001,0.0,0.0113,0.0004,5NTI_AB,na,9.0,C9
360,-0.0,-0.0002,0.0005,0.0078,-0.0128,5NTI_AC,na,9.0,C9
361,-0.0,0.0,0.0001,0.0165,0.0007,5NTI_CD,na,9.0,C9
362,-0.0,0.0001,0.0,0.0136,0.0006,5NTN_AB,na,9.0,C9
363,-0.0,-0.0002,0.0005,0.0078,-0.0128,5NTN_AC,na,9.0,C9
364,-0.0,0.0,0.0,0.0141,0.0004,5NTN_CD,na,9.0,C9
365,-0.0002,-0.0008,0.004,0.7278,0.1264,5NTQ_AB,na,13.0,C13
366,-0.0,-0.0001,-0.0002,0.0031,-0.0191,5NTW_AB,na,9.0,C9
367,-0.0,0.0,0.0,0.0164,0.0009,5NTW_AC,na,9.0,C9
368,-0.0457,-0.0203,-0.0591,0.0009,-0.0016,5NTW_AD,na,9.0,C9
369,-0.0001,-0.0004,-0.0,0.0248,-0.1188,5NTW_BD,na,19.0,C19
370,-0.831,0.1515,-0.2734,0.0028,-0.0024,5T1Z_AB,na,15.0,C15
371,-0.7826,0.4969,0.2498,-0.0018,0.0013,5T92_AB,na,7.0,C7
372,-0.8767,-0.0365,-0.101,0.0006,-0.0,5TLD_AB,na,2.0,C2
373,-0.7973,-0.4213,-0.1174,-0.0009,0.002,5TLF_AB,na,17.0,C17
374,-0.8636,-0.0309,-0.1995,0.0014,-0.0003,5TLG_AB,na,11.0,C11
375,-0.8379,0.316,-0.012,0.0002,0.0007,5TLL_AB,na,16.0,C16
376,-0.7255,-0.5312,-0.0526,-0.0016,0.0017,5TLM_AB,na,17.0,C17
377,-0.8711,0.2408,-0.1268,0.0013,-0.0011,5TLO_AB,na,0.0,C0
378,-0.8622,0.0982,-0.2462,0.0019,-0.0013,5TLP_AB,na,15.0,C15
379,-0.7855,-0.4703,-0.1479,-0.0009,0.0022,5TLT_AB,na,17.0,C17
380,-0.7941,0.0043,0.0626,-0.001,0.0024,5TLU_AB,na,2.0,C2
381,-0.8118,0.4027,0.1155,-0.0005,-0.0008,5TLV_AB,na,16.0,C16
382,-0.8379,0.316,-0.012,0.0002,0.0007,5TLX_AB,na,16.0,C16
383,-0.7826,0.4969,0.2498,-0.0018,0.0013,5TLY_AB,na,7.0,C7
384,-0.7826,0.4969,0.2498,-0.0018,0.0013,5TM1_AB,na,7.0,C7
385,-0.8175,0.0918,0.1092,-0.0011,0.0019,5TM2_AB,na,12.0,C12
386,-0.8711,0.2408,-0.1268,0.0013,-0.0011,5TM3_AB,na,0.0,C0
387,-0.8767,-0.0365,-0.101,0.0006,-0.0,5TM4_AB,na,2.0,C2
388,-0.7598,0.233,0.3419,-0.0028,0.0024,5TM5_AB,na,12.0,C12
389,-0.8225,-0.3014,-0.0509,-0.0008,0.0012,5TM6_AB,na,6.0,C6
390,-0.8486,0.0273,0.0053,-0.0001,0.0003,5TM7_AB,na,2.0,C2
391,-0.7826,0.4969,0.2498,-0.0018,0.0013,5TM8_AB,na,7.0,C7
392,-0.7598,0.233,0.3419,-0.0028,0.0024,5TM9_AB,na,12.0,C12
393,-0.8293,-0.0835,0.0426,-0.0008,0.0007,5TML_AB,na,2.0,C2
394,-0.8767,-0.0365,-0.101,0.0006,-0.0,5TMM_AB,na,2.0,C2
395,-0.8234,-0.2841,-0.126,-0.0003,0.0014,5TMO_AB,na,6.0,C6
396,-0.7855,-0.4703,-0.1479,-0.0009,0.0022,5TMQ_AB,na,17.0,C17
397,-0.8433,0.0235,-0.0023,-0.0003,0.0015,5TMR_AB,na,2.0,C2
398,-0.8422,0.1345,-0.1615,0.0012,-0.0005,5TMS_AB,na,0.0,C0
399,-0.7855,-0.4703,-0.1479,-0.0009,0.0022,5TMT_AB,na,17.0,C17
400,-0.7715,-0.4944,-0.1615,-0.0009,0.0022,5TMU_AB,na,17.0,C17
401,-0.8086,-0.3623,-0.0839,-0.0009,0.0017,5TMV_AB,na,6.0,C6
402,-0.9011,0.1666,-0.2433,0.0021,-0.0016,5TMW_AB,na,15.0,C15
403,-0.8711,0.2408,-0.1268,0.0013,-0.0011,5TMZ_AB,na,0.0,C0
404,-0.9011,0.1666,-0.2433,0.0021,-0.0016,5TN1_AB,na,15.0,C15
405,-0.7826,0.4969,0.2498,-0.0018,0.0013,5TN3_AB,na,7.0,C7
406,-0.8082,0.2028,-0.0565,0.0002,0.0011,5TN4_AB,na,0.0,C0
407,-0.8685,0.2338,-0.1325,0.0013,-0.0013,5TN5_AB,na,0.0,C0
408,-0.7826,0.4969,0.2498,-0.0018,0.0013,5TN6_AB,na,7.0,C7
409,-0.8379,0.316,-0.012,0.0002,0.0007,5TN7_AB,na,16.0,C16
410,-0.8111,-0.3491,-0.159,-0.0003,0.0017,5TN8_AB,na,6.0,C6
411,-0.7395,-0.3764,-0.2537,0.0001,0.0012,5TN9_AB,na,6.0,C6
412,-0.0003,-0.0007,0.0019,0.1685,-0.7954,5TN9_AD,na,4.0,C4
413,-0.0003,-0.0007,0.0019,0.1685,-0.7954,5TN9_BC,na,4.0,C4
414,-0.9011,0.1666,-0.2433,0.0021,-0.0016,5TN9_CD,na,15.0,C15
415,-0.779,-0.1574,-0.1153,-0.0003,0.0003,5TNB_AB,na,2.0,C2
416,-0.0002,-0.0005,0.0017,0.1631,-0.7841,5TNB_AD,na,4.0,C4
417,-0.0003,-0.0007,0.0019,0.1685,-0.7954,5TNB_BC,na,4.0,C4
418,-0.83,0.1613,-0.1474,0.0013,-0.0014,5TNB_CD,na,0.0,C0
419,-0.4925,-0.5028,0.124,-0.0016,-0.0004,5TOA_AB,na,18.0,C18
420,-0.8175,0.0918,0.1092,-0.0011,0.0019,5U2B_AB,na,12.0,C12
421,-0.0001,-0.0005,0.0028,0.5587,0.1204,5U2B_AC,na,13.0,C13
422,-0.0001,-0.0005,0.0027,0.5516,0.1195,5U2B_BF,na,13.0,C13
423,-0.8711,0.2408,-0.1268,0.0013,-0.0011,5U2B_CD,na,0.0,C0
424,-0.9011,0.1666,-0.2433,0.0021,-0.0016,5U2B_EF,na,15.0,C15
425,-0.7855,-0.4703,-0.1479,-0.0009,0.0022,5U2D_AB,na,17.0,C17
426,-0.7826,0.4969,0.2498,-0.0018,0.0013,5UFW_AB,na,7.0,C7
427,-0.7826,0.4969,0.2498,-0.0018,0.0013,5UFX_AB,na,7.0,C7
428,-0.0002,-0.0009,0.0041,0.6848,0.1049,5W4R_AB,na,13.0,C13
429,-0.0004,-0.0019,0.0014,0.1321,-0.0494,5W4V_AB,na,1.0,C1
430,-0.0001,-0.0003,0.0016,0.261,0.0544,5W4V_AC,na,1.0,C1
431,-0.0904,-0.0428,0.1248,0.003,-0.0024,5W4V_AD,na,9.0,C9
432,-0.0004,-0.0019,0.0014,0.1321,-0.0494,5W4V_CF,na,1.0,C1
433,-0.0004,-0.0019,0.0014,0.1333,-0.05,5W4V_DE,na,1.0,C1
434,-0.6611,-0.2925,-0.116,-0.0006,0.0007,5W9C_AB,na,6.0,C6
435,-0.0,-0.0003,0.0003,0.0051,-0.0137,5W9C_AC,na,9.0,C9
436,-0.7025,-0.148,-0.1283,0.0001,-0.0002,5W9C_CD,na,2.0,C2
437,-0.6825,-0.3757,-0.2056,-0.0002,0.0011,5W9D_AB,na,6.0,C6
438,-0.8402,0.0093,-0.2745,0.0018,-0.0009,5WGD_AB,na,15.0,C15
439,-0.8319,-0.1269,-0.2496,0.001,0.0,5WGQ_AB,na,11.0,C11
440,-0.1771,-0.0543,0.185,0.0958,-0.0891,5X8X_CG,na,1.0,C1
441,-0.0001,-0.0005,0.0004,0.0031,-0.015,5Y41_AB,na,9.0,C9
442,-0.0,-0.0002,0.0005,0.0044,0.0004,5YD6_AB,na,9.0,C9
443,-0.0001,-0.0005,0.0005,0.0028,-0.0138,5YD6_AC,na,9.0,C9
444,-0.0001,-0.0005,0.0005,0.0029,-0.0141,5YD6_BD,na,9.0,C9
445,-0.0621,0.0317,0.0088,0.0027,-0.0007,5YD6_CD,na,9.0,C9
446,-0.0001,-0.0002,0.0008,0.0079,-0.0029,5YSO_AB,na,9.0,C9
447,-0.5015,-0.2392,0.5842,-0.0034,-0.0,5YSO_BC,na,3.0,C3
448,-0.0002,-0.0009,0.0041,0.6541,0.096,5ZA1_AB,na,13.0,C13
449,-0.0006,-0.0004,-0.0012,0.0028,-0.0063,6A5Z_DL,na,9.0,C9
450,-0.0001,-0.0002,0.0008,0.0079,-0.0029,6A6K_AB,na,9.0,C9
451,-0.5342,-0.0945,0.4486,-0.0028,0.0001,6A6K_BC,na,8.0,C8
452,-0.0003,-0.0009,0.0044,0.6641,0.0905,6B30_AB,na,13.0,C13
453,-0.0003,-0.0009,0.0043,0.6593,0.0909,6B31_AB,na,13.0,C13
454,-0.0002,-0.0009,0.0045,0.8477,0.1553,6B33_AB,na,5.0,C5
455,-0.0001,-0.0008,0.0042,0.8399,0.1788,6BN6_AB,na,5.0,C5
456,-0.0001,-0.0008,0.0043,0.8602,0.1839,6BR2_AB,na,5.0,C5
457,-0.0002,-0.0008,0.0045,0.8942,0.191,6BR3_AB,na,5.0,C5
458,-0.7464,0.3887,0.1914,-0.0015,0.0011,6C42_AB,na,7.0,C7
459,-0.8293,-0.1036,-0.3199,0.0016,0.0001,6CBZ_AB,na,11.0,C11
460,-0.7941,0.0043,0.0626,-0.001,0.0024,6CZN_AB,na,2.0,C2
461,-0.8036,-0.1415,-0.3245,0.0015,0.0,6D0F_AB,na,11.0,C11
462,-0.0595,-0.0051,0.0637,0.1848,-0.0523,6DDA_AC,na,1.0,C1
463,-0.0002,-0.0014,0.0002,0.0024,-0.013,6DDA_BA,na,9.0,C9
464,-0.7257,0.3598,0.0645,0.0001,-0.0002,6DF6_AB,na,16.0,C16
465,-0.0002,-0.0005,0.0017,0.1631,-0.7841,6DF6_AD,na,4.0,C4
466,-0.0002,-0.0005,0.0017,0.1631,-0.7841,6DF6_BC,na,4.0,C4
467,-0.9011,0.1666,-0.2433,0.0021,-0.0016,6DF6_CD,na,15.0,C15
468,-0.7923,0.2144,-0.1683,0.0018,-0.0006,6DFN_AB,na,0.0,C0
469,-0.0003,-0.0007,0.0017,0.1783,-0.8733,6DFN_AD,na,4.0,C4
470,-0.0003,-0.0007,0.0019,0.1685,-0.7954,6DFN_BC,na,4.0,C4
471,-0.831,0.1515,-0.2734,0.0028,-0.0024,6DFN_CD,na,15.0,C15
472,-0.0001,-0.0008,0.0042,0.847,0.1802,6E3E_AB,na,5.0,C5
473,-0.0276,-0.0163,-0.0346,0.0592,-0.142,6E3G_AB,na,19.0,C19
474,-0.0002,-0.0009,0.0048,0.8835,0.1608,6FGQ_AB,na,5.0,C5
475,-0.0,-0.0002,0.0005,0.0078,-0.0128,6FZU_AB,na,9.0,C9
476,-0.0,-0.0002,0.0005,0.0078,-0.0128,6G05_AB,na,9.0,C9
477,-0.0001,-0.0004,-0.0001,0.0233,-0.1109,6G07_BD,na,19.0,C19
478,-0.0469,-0.0512,-0.0656,0.0005,-0.0014,6J1L_AB,na,9.0,C9
479,-0.0099,-0.0346,0.0462,0.0,-0.0024,6J1L_AC,na,9.0,C9
480,-0.5112,-0.3092,0.6613,-0.004,0.0001,6JNR_AB,na,3.0,C3
481,-0.6169,-0.0532,0.4834,-0.0028,0.0013,6KNR_AB,na,8.0,C8
482,-0.5455,-0.2837,0.6585,-0.0042,0.0005,6LB5_AC,na,3.0,C3
483,-0.4493,-0.3119,0.6136,-0.0028,-0.0005,6LIT_AB,na,3.0,C3
484,-0.0002,-0.0009,0.0049,0.9261,0.1719,6NWT_AC,na,5.0,C5
485,-0.0002,-0.0009,0.0046,0.8719,0.1615,6O98_AB,na,5.0,C5
486,-0.8685,0.2338,-0.1325,0.0013,-0.0013,6OWC_AB,na,0.0,C0
487,-0.0012,-0.0005,-0.0026,0.0022,-0.004,6P9F_AB,na,9.0,C9
488,-0.0003,-0.0007,0.0019,0.1668,-0.7823,6PET_AC,na,4.0,C4
489,-0.9011,0.1666,-0.2433,0.0021,-0.0016,6PET_CB,na,15.0,C15
490,-0.831,0.1515,-0.2734,0.0028,-0.0024,6PET_DA,na,15.0,C15
491,-0.0002,-0.0006,0.0019,0.1481,-0.6733,6PET_DB,na,4.0,C4
492,-0.0001,-0.0003,0.0014,0.158,0.0323,6PET_DC,na,1.0,C1
493,-0.6993,0.4544,0.2007,-0.001,0.0005,6PFM_DA,na,7.0,C7
494,-0.6676,-0.2232,-0.3701,0.002,-0.0003,6PIT_AB,na,11.0,C11
495,-0.7321,0.3694,0.0721,0.0003,-0.0017,6PSJ_AB,na,16.0,C16
496,-0.0002,-0.0007,0.0033,0.4684,0.0568,6Q2W_AB,na,13.0,C13
497,-0.3351,0.01,0.2167,-0.0004,-0.0003,6S4U_AB,na,8.0,C8
498,-0.7722,-0.1873,-0.2467,0.0008,-0.0001,6SBO_AB,na,11.0,C11
499,-0.8207,0.0487,-0.199,0.0023,-0.0017,6SQ0_AB,na,15.0,C15
500,-0.843,-0.1508,-0.0763,0.0001,0.0,6SUO_AB,na,2.0,C2
501,-0.8009,0.228,-0.0426,0.0004,-0.0012,6V87_AB,na,0.0,C0
502,-0.7826,0.4969,0.2498,-0.0018,0.0013,6V8T_AB,na,7.0,C7
503,-0.8091,0.1996,-0.0627,0.0005,-0.0009,6VGH_AB,na,0.0,C0
504,-0.7615,0.0442,-0.1267,0.0005,-0.0005,6VJD_AB,na,2.0,C2
505,-0.0,-0.0003,0.0003,0.0051,-0.0137,6VJD_AC,na,9.0,C9
506,-0.776,0.1346,-0.0842,0.0005,-0.0008,6VJD_CD,na,0.0,C0
507,-0.0,-0.0,0.0,0.0004,-0.0006,6VPF_AC,na,9.0,C9
508,-0.0,-0.0,0.0002,0.0616,0.0136,6VPF_BA,na,9.0,C9
509,-0.0,-0.0003,0.0003,0.0051,-0.0137,6VPF_BC,na,9.0,C9
510,-0.7486,-0.0595,-0.09,-0.0002,-0.0001,6VPF_BD,na,2.0,C2
511,-0.0002,-0.0008,0.0042,0.7906,0.1445,6VSW_AB,na,5.0,C5
512,-0.0002,-0.0005,0.0017,0.1631,-0.7841,6WOK_AC,na,4.0,C4
513,-0.7826,0.4969,0.2498,-0.0018,0.0013,6WOK_CB,na,7.0,C7
514,-0.8685,0.2338,-0.1325,0.0013,-0.0013,6WOK_DA,na,0.0,C0
515,-0.0002,-0.0005,0.0017,0.1631,-0.7841,6WOK_DB,na,4.0,C4
516,-0.0002,-0.0009,0.0048,0.8857,0.1603,6XFV_AB,na,5.0,C5
517,-0.8072,0.045,-0.1005,0.0004,-0.0006,6ZOQ_AB,na,2.0,C2
518,-0.8382,0.3125,-0.0162,0.0005,-0.0013,6ZOR_AB,na,16.0,C16
519,-0.7956,0.0863,-0.2736,0.0026,-0.0021,6ZOS_AB,na,15.0,C15
520,-0.5112,-0.3092,0.6613,-0.004,0.0001,7A79_AB,na,3.0,C3
521,-0.5401,-0.1895,0.5766,-0.003,0.0001,7AOS_AB,na,3.0,C3
522,-0.6408,-0.1781,0.4992,-0.0042,0.0015,7APO_AB,na,8.0,C8
523,-0.5455,-0.2837,0.6585,-0.0042,0.0005,7BK4_AC,na,3.0,C3
524,-0.5112,-0.3092,0.6613,-0.004,0.0001,7CFO_AB,na,3.0,C3
525,-0.0002,-0.0007,0.0027,0.3036,0.013,7CFO_AC,na,1.0,C1
526,-0.0002,-0.0007,0.0027,0.2894,0.0058,7CFO_BD,na,1.0,C1
527,-0.7826,0.4969,0.2498,-0.0018,0.0013,7CFO_CD,na,7.0,C7
528,-0.4468,-0.3966,0.3521,-0.0023,-0.0005,7E2E_AB,na,18.0,C18
529,-0.0,-0.0,0.0002,0.0484,0.0095,7JH2_AB,na,9.0,C9
530,-0.8681,0.2364,-0.1342,0.0014,-0.0016,7JHD_AB,na,0.0,C0
531,-0.7793,0.1296,-0.0864,0.0005,-0.0008,7KBS_AB,na,0.0,C0
532,-0.0003,-0.0007,0.0017,0.1783,-0.8733,7MSA_AB,na,4.0,C4
533,-0.9011,0.1666,-0.2433,0.0021,-0.0016,7MSA_CB,na,15.0,C15
534,-0.831,0.1515,-0.2734,0.0028,-0.0024,7MSA_DA,na,15.0,C15
535,-0.0003,-0.0007,0.0019,0.1685,-0.7954,7MSA_DC,na,4.0,C4
536,-0.758,-0.2299,-0.3335,0.0013,0.0005,7N9O_AB,na,11.0,C11
537,-0.0,-0.0003,0.0003,0.0051,-0.0137,7N9O_AC,na,9.0,C9
538,-0.7928,-0.2131,-0.3522,0.0014,0.0005,7N9O_CD,na,11.0,C11
539,-0.7436,0.1884,0.09,0.0008,-0.0016,7NDO_AB,na,12.0,C12
540,-0.7822,-0.3097,0.0304,-0.0013,0.0007,7NEL_AB,na,6.0,C6
541,-0.6458,-0.4615,0.0792,-0.0018,0.0005,7NFB_AB,na,17.0,C17
542,-0.5279,-0.2983,0.6621,-0.0041,0.0002,7NKE_AC,na,3.0,C3
543,-0.5792,-0.2576,0.6054,-0.0039,0.0007,7PDT_AB,na,3.0,C3
544,-0.0002,-0.0009,0.0048,0.9073,0.1673,7QP4_AB,na,5.0,C5
545,-0.7826,0.4969,0.2498,-0.0018,0.0013,7QVJ_AB,na,7.0,C7
546,-0.8379,0.316,-0.012,0.0002,0.0007,7QVL_AB,na,16.0,C16
547,-0.831,0.1515,-0.2734,0.0028,-0.0024,7RKE_AB,na,15.0,C15
548,-0.9011,0.1666,-0.2433,0.0021,-0.0016,7RNM_AB,na,15.0,C15
549,-0.8118,0.4027,0.1155,-0.0005,-0.0008,7RRX_AB,na,16.0,C16
550,-0.0002,-0.0005,0.0017,0.1631,-0.7841,7RRX_AD,na,4.0,C4
551,-0.0002,-0.0005,0.0017,0.1631,-0.7841,7RRX_BC,na,4.0,C4
552,-0.83,0.1613,-0.1474,0.0013,-0.0014,7RRX_CD,na,0.0,C0
553,-0.831,0.1515,-0.2734,0.0028,-0.0024,7RRY_AB,na,15.0,C15
554,-0.0003,-0.0007,0.0017,0.1783,-0.8733,7RRY_AD,na,4.0,C4
555,-0.0003,-0.0007,0.0017,0.1783,-0.8733,7RRY_BC,na,4.0,C4
556,-0.831,0.1515,-0.2734,0.0028,-0.0024,7RRY_CD,na,15.0,C15
557,-0.9011,0.1666,-0.2433,0.0021,-0.0016,7RRZ_AB,na,15.0,C15
558,-0.0001,-0.0005,0.0001,0.0015,-0.0055,7RRZ_BC,na,9.0,C9
559,-0.8685,0.2338,-0.1325,0.0013,-0.0013,7RRZ_CD,na,0.0,C0
560,-0.9011,0.1666,-0.2433,0.0021,-0.0016,7RS0_AB,na,15.0,C15
561,-0.0001,-0.0005,0.0001,0.002,-0.0066,7RS0_BC,na,9.0,C9
562,-0.8066,0.0659,-0.1804,0.0012,-0.001,7RS0_CD,na,15.0,C15
563,-0.7838,-0.2971,-0.311,0.0008,0.0009,7RS1_AB,na,11.0,C11
564,-0.0001,-0.0005,0.0005,0.0019,-0.0059,7RS1_AD,na,9.0,C9
565,-0.8613,0.0965,-0.2454,0.0019,-0.0013,7RS1_CD,na,15.0,C15
566,-0.8115,-0.1726,-0.3451,0.0015,0.0005,7RS2_AB,na,11.0,C11
567,-0.0001,-0.0005,0.0005,0.0019,-0.0059,7RS2_AD,na,9.0,C9
568,-0.827,-0.0961,-0.3205,0.0017,-0.0001,7RS2_CD,na,11.0,C11
569,-0.778,0.1197,-0.2533,0.0027,-0.0025,7RS3_AB,na,15.0,C15
570,-0.0003,-0.0007,0.0019,0.1668,-0.7823,7RS3_AC,na,4.0,C4
571,-0.0001,-0.0004,0.0018,0.2576,0.0531,7RS3_AD,na,1.0,C1
572,-0.0003,-0.0007,0.0019,0.1668,-0.7823,7RS3_BD,na,4.0,C4
573,-0.831,0.1515,-0.2734,0.0028,-0.0024,7RS3_CD,na,15.0,C15
574,-0.8382,0.3125,-0.0162,0.0005,-0.0013,7RS4_AB,na,16.0,C16
575,-0.0002,-0.0005,0.0017,0.1631,-0.7841,7RS4_AD,na,4.0,C4
576,-0.0002,-0.0005,0.0017,0.1631,-0.7841,7RS4_BC,na,4.0,C4
577,-0.9011,0.1666,-0.2433,0.0021,-0.0016,7RS4_CD,na,15.0,C15
578,-0.8024,-0.2663,-0.3056,0.0008,0.0009,7RS7_AB,na,11.0,C11
579,-0.0001,-0.0008,0.0007,0.0044,-0.0113,7RS7_AD,na,9.0,C9
580,-0.827,-0.0961,-0.3205,0.0017,-0.0001,7RS7_CD,na,11.0,C11
581,-0.8681,0.2364,-0.1342,0.0014,-0.0016,7RS8_AB,na,0.0,C0
582,-0.0,-0.0004,0.0005,0.0017,-0.006,7RS8_BC,na,9.0,C9
583,-0.7845,-0.148,-0.1943,0.0003,0.0005,7RS8_CD,na,11.0,C11
584,-0.9011,0.1666,-0.2433,0.0021,-0.0016,7RS9_AB,na,15.0,C15
585,-0.0001,-0.0006,0.0001,0.0033,-0.0093,7RS9_BC,na,9.0,C9
586,-0.8115,-0.1726,-0.3451,0.0015,0.0005,7RS9_CD,na,11.0,C11
587,-0.831,0.1515,-0.2734,0.0028,-0.0024,7SFO_AB,na,15.0,C15
588,-0.7287,0.3649,0.0699,-0.0,0.0003,7T2X_AB,na,16.0,C16
589,-0.7826,0.4969,0.2498,-0.0018,0.0013,7UJ7_AC,na,7.0,C7
590,-0.7826,0.4969,0.2498,-0.0018,0.0013,7UJ7_DB,na,7.0,C7
591,-0.0001,-0.0007,0.0012,0.0761,0.0096,7UJ7_DC,na,9.0,C9
592,-0.8009,0.228,-0.0426,0.0004,-0.0012,7UJ8_BA,na,0.0,C0
593,-0.6993,0.4544,0.2007,-0.001,0.0005,7UJC_AB,na,7.0,C7
594,-0.721,0.0118,-0.1076,0.0003,-0.0005,7UJF_BA,na,2.0,C2
595,-0.0,-0.0003,0.0003,0.0051,-0.0137,7UJF_BC,na,9.0,C9
596,-0.7743,0.1328,-0.081,0.0004,-0.0008,7UJF_CD,na,0.0,C0
597,-0.776,0.1346,-0.0842,0.0005,-0.0008,7UJM_BA,na,0.0,C0
598,-0.0,-0.0003,0.0003,0.0051,-0.0137,7UJM_BC,na,9.0,C9
599,-0.7743,0.1328,-0.081,0.0004,-0.0008,7UJM_CD,na,0.0,C0
600,-0.7284,-0.22,-0.1271,-0.0003,0.0004,7UJO_BA,na,6.0,C6
601,-0.0,-0.0003,0.0003,0.0051,-0.0137,7UJO_BC,na,9.0,C9
602,-0.0,-0.0,0.0002,0.0616,0.0136,7UJO_BD,na,9.0,C9
603,-0.0,-0.0,0.0,0.0004,-0.0006,7UJO_DC,na,9.0,C9
604,-0.0009,-0.0004,-0.0017,0.005,-0.0079,7UJW_BA,na,9.0,C9
605,-0.7623,0.2866,-0.0539,0.0012,-0.0022,7UJW_BC,na,16.0,C16
606,-0.0001,-0.0004,0.0017,0.215,0.0431,7UJW_BD,na,1.0,C1
607,-0.0,-0.0,0.0,0.0004,-0.0006,7UJW_DA,na,9.0,C9
608,-0.0001,-0.0003,0.0007,0.0773,-0.4096,7UJW_DC,na,14.0,C14
609,-0.8401,0.1287,-0.1691,0.0012,-0.0009,7UJY_BA,na,15.0,C15
610,-0.0,-0.0003,0.0003,0.0051,-0.0137,7UJY_BC,na,9.0,C9
611,-0.7743,0.1328,-0.081,0.0004,-0.0008,7UJY_CD,na,0.0,C0
612,-0.7826,0.4969,0.2498,-0.0018,0.0013,7WNV_AB,na,7.0,C7
613,-0.0001,-0.0005,0.0005,0.0019,-0.0059,7WNV_AD,na,9.0,C9
614,-0.7826,0.4969,0.2498,-0.0018,0.0013,7WNV_CD,na,7.0,C7
615,-0.0001,-0.0002,0.0003,0.028,-0.1571,7XQE_AB,na,19.0,C19
616,-0.4303,-0.3271,0.5412,-0.0029,-0.0002,7XVY_AB,na,3.0,C3
617,-0.4821,-0.3828,0.4138,-0.0021,-0.001,7XVZ_AB,na,18.0,C18
618,-0.4303,-0.3271,0.5412,-0.0029,-0.0002,7XWP_AB,na,3.0,C3
619,-0.5277,-0.3318,0.3412,-0.0016,-0.0005,7XWQ_AB,na,18.0,C18
620,-0.4303,-0.3271,0.5412,-0.0029,-0.0002,7XWR_AB,na,3.0,C3
621,-0.8105,-0.3479,-0.1587,-0.0003,0.0017,7Y8F_AB,na,6.0,C6
622,-0.857,-0.1421,-0.0591,-0.0001,0.0004,7Y8G_AB,na,2.0,C2
623,-0.7703,0.3566,0.2963,-0.002,0.0017,7YMK_AB,na,7.0,C7
624,-0.3612,-0.3147,0.5611,-0.002,-0.0009,8C1L_AB,na,3.0,C3
625,-0.8118,0.4027,0.1155,-0.0005,-0.0008,8DU6_AB,na,16.0,C16
626,-0.7826,0.4969,0.2498,-0.0018,0.0013,8DU8_AB,na,7.0,C7
627,-0.8118,0.4027,0.1155,-0.0005,-0.0008,8DU9_AB,na,16.0,C16
628,-0.8118,0.4027,0.1155,-0.0005,-0.0008,8DUB_AB,na,16.0,C16
629,-0.7826,0.4969,0.2498,-0.0018,0.0013,8DUG_AB,na,7.0,C7
630,-0.7826,0.4969,0.2498,-0.0018,0.0013,8DUH_AB,na,7.0,C7
631,-0.7826,0.4969,0.2498,-0.0018,0.0013,8DUI_AB,na,7.0,C7
632,-0.8321,-0.0205,-0.1196,0.0006,-0.0009,8DUK_AB,na,2.0,C2
633,-0.0,-0.0,0.0002,0.0616,0.0136,8DUK_AC,na,9.0,C9
634,-0.8613,0.0965,-0.2454,0.0019,-0.0013,8DUK_CD,na,15.0,C15
635,-0.843,-0.1508,-0.0763,0.0001,0.0,8DUS_AB,na,2.0,C2
636,-0.9011,0.1666,-0.2433,0.0021,-0.0016,8DUS_EF,na,15.0,C15
637,-0.0,-0.0,0.0002,0.0616,0.0136,8DUS_EG,na,9.0,C9
638,-0.7528,-0.2659,0.1118,-0.0018,0.0006,8DUS_GH,na,2.0,C2
639,-0.7995,0.2319,-0.0335,0.0004,-0.001,8DV5_AB,na,0.0,C0
640,-0.7826,0.4969,0.2498,-0.0018,0.0013,8DV7_AB,na,7.0,C7
641,-0.7826,0.4969,0.2498,-0.0018,0.0013,8DV8_AB,na,7.0,C7
642,-0.7826,0.4969,0.2498,-0.0018,0.0013,8DVB_AB,na,7.0,C7
643,-0.8379,0.316,-0.012,0.0002,0.0007,8EV1_AB,na,16.0,C16
644,-0.8379,0.316,-0.012,0.0002,0.0007,8EV2_AB,na,16.0,C16
645,-0.9011,0.1666,-0.2433,0.0021,-0.0016,8W03_AB,na,15.0,C15
646,-0.0,-0.0004,0.0005,0.0017,-0.006,8W03_BC,na,9.0,C9
647,-0.9011,0.1666,-0.2433,0.0021,-0.0016,8W03_CD,na,15.0,C15
648,-0.0,-0.0,0.0,0.0041,-0.0248,8WUY_AB,na,9.0,C9
649,-0.0002,-0.0008,0.0043,0.8189,0.1508,8XU5_AB,na,5.0,C5
650,-0.7826,0.4969,0.2498,-0.0018,0.0013,9BQE_AB,na,7.0,C7
