,ResNum,ResName
0,2076,GLY
1,2077,PRO
2,2078,VAL
3,2079,SER
4,2080,LEU
5,2081,SER
6,2082,THR
7,2083,PRO
8,2084,ALA
9,2085,GLN
10,2086,LEU
11,2087,VAL
12,2088,ALA
13,2089,PRO
14,2090,SER
15,2091,VAL
16,2092,VAL
17,2093,VAL
18,2094,LYS
19,2095,GLY
20,2096,THR
21,2097,LEU
22,2098,SER
23,2099,VAL
24,2100,THR
25,2101,SER
26,2102,SER
27,2103,GLU
28,2104,LEU
29,2105,TYR
30,2106,PHE
31,2107,GLU
32,2108,VAL
33,2109,ASP
34,2110,GLU
35,2111,GLU
36,2112,ASP
37,2113,PRO
38,2114,ASN
39,2115,PHE
40,2116,LYS
41,2117,LYS
42,2118,ILE
43,2119,ASP
44,2120,PRO
45,2121,LYS
46,2122,ILE
47,2123,LEU
48,2124,ALA
49,2125,TYR
50,2126,THR
51,2127,GLU
52,2128,GLY
53,2129,LEU
54,2130,HIS
55,2131,GLY
56,2132,LYS
57,2133,TRP
58,2134,LEU
59,2135,PHE
60,2136,THR
61,2137,GLU
62,2138,ILE
63,2139,ARG
64,2140,SER
65,2141,ILE
66,2142,PHE
67,2143,SER
68,2144,ARG
69,2145,ARG
70,2146,TYR
71,2147,LEU
72,2148,LEU
73,2149,GLN
74,2150,ASN
75,2151,THR
76,2152,ALA
77,2153,LEU
78,2154,GLU
79,2155,ILE
80,2156,PHE
81,2157,MET
82,2158,ALA
83,2159,ASN
84,2160,ARG
85,2161,VAL
86,2162,ALA
87,2163,VAL
88,2164,MET
89,2165,PHE
90,2166,ASN
91,2167,PHE
92,2168,PRO
93,2169,ASP
94,2170,PRO
95,2171,ALA
96,2172,THR
97,2173,VAL
98,2174,LYS
99,2175,LYS
100,2176,VAL
101,2177,VAL
102,2178,ASN
103,2179,PHE
104,2180,LEU
105,2181,PRO
106,2182,ARG
107,2183,VAL
108,2184,GLY
109,2185,VAL
110,2186,GLY
111,2187,THR
112,2188,SER
113,2189,PHE
114,2190,GLY
115,2191,LEU
116,2192,PRO
117,2193,GLN
118,2194,THR
119,2195,ARG
120,2196,ARG
121,2197,ILE
122,2198,SER
123,2199,LEU
124,2200,ALA
125,2201,SER
126,2202,PRO
127,2203,ARG
128,2204,GLN
129,2205,LEU
130,2206,PHE
131,2207,LYS
132,2208,ALA
133,2209,SER
134,2210,ASN
135,2211,MET
136,2212,THR
137,2213,GLN
138,2214,ARG
139,2215,TRP
140,2216,GLN
141,2217,HIS
142,2218,ARG
143,2219,GLU
144,2220,ILE
145,2221,SER
146,2222,ASN
147,2223,PHE
148,2224,GLU
149,2225,TYR
150,2226,LEU
151,2227,MET
152,2228,PHE
153,2229,LEU
154,2230,ASN
155,2231,THR
156,2232,ILE
157,2233,ALA
158,2234,GLY
159,2235,ARG
160,2236,SER
161,2237,TYR
162,2238,ASN
163,2239,ASP
164,2240,LEU
165,2241,ASN
166,2242,GLN
167,2243,TYR
168,2244,PRO
169,2245,VAL
170,2246,PHE
171,2247,PRO
172,2248,TRP
173,2249,VAL
174,2250,ILE
175,2251,THR
176,2252,ASN
177,2253,TYR
178,2254,GLU
179,2255,SER
180,2256,GLU
181,2257,GLU
182,2258,LEU
183,2259,ASP
184,2260,LEU
185,2261,THR
186,2262,LEU
187,2263,PRO
188,2264,THR
189,2265,ASN
190,2266,PHE
191,2267,ARG
192,2268,ASP
193,2269,LEU
194,2270,SER
195,2271,LYS
196,2272,PRO
197,2273,ILE
198,2274,GLY
199,2275,ALA
200,2276,LEU
201,2277,ASN
202,2278,PRO
203,2279,LYS
204,2280,ARG
205,2281,ALA
206,2282,ALA
207,2283,PHE
208,2284,PHE
209,2285,ALA
210,2286,GLU
211,2287,ARG
212,2288,TYR
213,2289,GLU
214,2290,SER
215,2291,TRP
216,2292,GLU
217,2293,ASP
218,2294,ASP
219,2295,GLN
220,2296,VAL
221,2297,PRO
222,2298,LYS
223,2299,PHE
224,2300,HIS
225,2301,TYR
226,2302,GLY
227,2303,THR
228,2304,HIS
229,2305,TYR
230,2306,SER
231,2307,THR
232,2308,ALA
233,2309,SER
234,2310,PHE
235,2311,VAL
236,2312,LEU
237,2313,ALA
238,2314,TRP
239,2315,LEU
240,2316,LEU
241,2317,ARG
242,2318,ILE
243,2319,GLU
244,2320,PRO
245,2321,PHE
246,2322,THR
247,2323,THR
248,2324,TYR
249,2325,PHE
250,2326,LEU
251,2327,ASN
252,2328,LEU
253,2329,GLN
254,2330,GLY
255,2331,GLY
256,2332,LYS
257,2333,PHE
258,2334,ASP
259,2335,HIS
260,2336,ALA
261,2337,ASP
262,2338,ARG
263,2339,THR
264,2340,PHE
265,2341,SER
266,2342,SER
267,2343,ILE
268,2344,SER
269,2345,ARG
270,2346,ALA
271,2347,TRP
272,2348,ARG
273,2349,ASN
274,2350,SER
275,2351,GLN
276,2352,ARG
277,2353,ASP
278,2354,THR
279,2355,SER
280,2356,ASP
281,2357,ILE
282,2358,LYS
283,2359,GLU
284,2360,LEU
285,2361,ILE
286,2362,PRO
287,2363,GLU
288,2364,PHE
289,2365,TYR
290,2366,TYR
291,2367,LEU
292,2368,PRO
293,2369,GLU
294,2370,MET
295,2371,PHE
296,2372,VAL
297,2373,ASN
298,2374,PHE
299,2375,ASN
300,2376,ASN
301,2377,TYR
302,2378,ASN
303,2379,LEU
304,2380,GLY
305,2381,VAL
306,2382,MET
307,2383,ASP
308,2384,ASP
309,2385,GLY
310,2386,THR
311,2387,VAL
312,2388,VAL
313,2389,SER
314,2390,ASP
315,2391,VAL
316,2392,GLU
317,2393,LEU
318,2394,PRO
319,2395,PRO
320,2396,TRP
321,2397,ALA
322,2398,LYS
323,2399,THR
324,2400,SER
325,2401,GLU
326,2402,GLU
327,2403,PHE
328,2404,VAL
329,2405,HIS
330,2406,ILE
331,2407,ASN
332,2408,ARG
333,2409,LEU
334,2410,ALA
335,2411,LEU
336,2412,GLU
337,2413,SER
338,2414,GLU
339,2415,PHE
340,2416,VAL
341,2417,SER
342,2418,CYS
343,2419,GLN
344,2420,LEU
345,2421,HIS
346,2422,GLN
347,2423,TRP
348,2424,ILE
349,2425,ASP
350,2426,LEU
351,2427,ILE
352,2428,PHE
353,2429,GLY
354,2430,TYR
355,2431,LYS
356,2432,GLN
357,2433,GLN
358,2434,GLY
359,2435,PRO
360,2436,GLU
361,2437,ALA
362,2438,VAL
363,2439,ARG
364,2440,ALA
365,2441,LEU
366,2442,ASN
367,2443,VAL
368,2444,PHE
369,2445,TYR
370,2446,TYR
371,2447,LEU
372,2448,THR
373,2449,TYR
374,2450,GLU
375,2451,GLY
376,2452,ALA
377,2453,VAL
378,2454,ASN
379,2455,LEU
380,2456,ASN
381,2457,SER
382,2458,ILE
383,2459,THR
384,2460,ASP
385,2461,PRO
386,2462,VAL
387,2463,LEU
388,2464,ARG
389,2465,GLU
390,2466,ALA
391,2467,VAL
392,2468,GLU
393,2469,ALA
394,2470,GLN
395,2471,ILE
396,2472,ARG
397,2473,SER
398,2474,PHE
399,2475,GLY
400,2476,GLN
401,2477,THR
402,2478,PRO
403,2479,SER
404,2480,GLN
405,2481,LEU
406,2482,LEU
407,2483,ILE
408,2484,GLU
409,2485,PRO
410,2486,HIS
411,2487,PRO
412,2488,PRO
413,2489,ARG
