ID,name,chain,rmsd_AR,align_len_AR,rmsd_GR,align_len_GR,rmsd_PHBEACH,align_len_PHBEACH
1m2z_A,1m2z,A,1.34,244,0.0,255,4.472,100
1m2z_D,1m2z,D,1.291,243,0.519,252,4.237,98
1nhz_A,1nhz,A,1.325,217,0.764,217,3.85,86
1p93_A,1p93,A,1.389,241,0.743,244,4.474,102
3bqd_A,3bqd,A,1.48,245,0.909,252,3.86,88
3cld_A,3cld,A,1.285,235,0.689,243,4.247,94
3cld_B,3cld,B,1.303,235,0.655,241,4.543,104
3e7c_A,3e7c,A,1.261,238,0.676,246,4.511,104
3e7c_B,3e7c,B,1.158,236,0.658,243,4.514,104
3gn8_A,3gn8,A,1.308,241,0.774,248,4.412,103
3k22_A,3k22,A,1.301,238,0.801,248,4.411,103
3k23_A,3k23,A,1.143,235,0.874,240,4.298,98
3ry9_A,3ry9,A,0.99,241,1.051,239,4.436,103
4e2j_A,4e2j,A,1.292,238,0.878,245,4.168,114
4lsj_A,4lsj,A,1.076,208,0.913,211,4.282,103
4p6x_A,4p6x,A,1.381,243,0.756,249,4.603,108
5uc1_A,5uc1,A,1.899,195,1.169,193,4.207,91
5uc1_B,5uc1,B,1.866,194,1.197,194,4.215,91
5uc3_A,5uc3,A,1.538,225,0.992,228,4.206,97
5uc3_B,5uc3,B,1.413,222,0.875,225,4.416,99
5ufs_A,5ufs,A,1.053,243,0.824,247,4.179,89
6nwk_A,6nwk,A,1.337,244,0.912,249,4.43,103
6nwl_A,6nwl,A,1.291,243,0.981,249,4.436,103
AR1t77Monomero1ASU_A,AR1t77Monomero1ASU,A,4.803,104,4.017,93,0.0,414
AR1t77Monomero1ASU_B,AR1t77Monomero1ASU,B,3.813,90,4.53,103,0.514,409
AR1t77Monomero1ASU_C,AR1t77Monomero1ASU,C,4.798,104,3.868,91,0.135,414
AR1t77Monomero1ASU_D,AR1t77Monomero1ASU,D,4.155,93,4.438,101,0.519,409
AR5jjmDimerpero4ASU_A,AR5jjmDimerpero4ASU,A,0.839,250,1.482,242,4.296,100
AR5jjmDimerpero4ASU_B,AR5jjmDimerpero4ASU,B,0.823,249,1.492,242,4.373,102
AR5jjmDimerpero4ASU_C,AR5jjmDimerpero4ASU,C,0.728,246,1.507,242,4.336,102
AR5jjmDimerpero4ASU_D,AR5jjmDimerpero4ASU,D,0.684,245,1.503,242,4.321,100
GR0nonuestro1m2z_A,GR0nonuestro1m2z,A,1.34,244,0.0,255,4.472,100
GR0nonuestro1m2z_D,GR0nonuestro1m2z,D,1.291,243,0.519,252,4.237,98
GR17yxcEvaNAR2022_A,GR17yxcEvaNAR2022,A,1.153,241,0.707,245,4.417,102
GR27yxdEvaNAR2022_A,GR27yxdEvaNAR2022,A,1.27,237,0.738,241,4.326,101
GR27yxdEvaNAR2022_D,GR27yxdEvaNAR2022,D,1.207,236,0.707,240,4.367,102
GR27yxdEvaNAR2022_H,GR27yxdEvaNAR2022,H,1.248,237,0.78,241,4.372,102
GR27yxdEvaNAR2022_L,GR27yxdEvaNAR2022,L,1.187,235,0.765,241,4.311,101
GR37yxnEvaNAR2022_A,GR37yxnEvaNAR2022,A,1.264,236,0.741,241,4.469,103
GR37yxnEvaNAR2022_C,GR37yxnEvaNAR2022,C,1.292,238,0.756,242,4.39,102
GR37yxnEvaNAR2022_option2_A,GR37yxnEvaNAR2022_option2,A,1.264,236,0.741,241,4.469,103
GR37yxnEvaNAR2022_option2_C,GR37yxnEvaNAR2022_option2,C,1.292,238,0.756,242,4.39,102
GR47yxoEvaNAR2022_A,GR47yxoEvaNAR2022,A,1.272,235,0.781,237,4.315,100
GR47yxoEvaNAR2022_C,GR47yxoEvaNAR2022,C,1.243,234,0.766,237,4.411,101
GR47yxoEvaNAR2022_E,GR47yxoEvaNAR2022,E,1.391,226,0.89,230,4.427,101
GR57yxpEvaNAR2022_A,GR57yxpEvaNAR2022,A,1.201,235,0.824,240,4.627,90
GR67yxrEvaNAR2022_A,GR67yxrEvaNAR2022,A,1.115,237,0.777,242,4.396,102
GR67yxrEvaNAR2022_C,GR67yxrEvaNAR2022,C,1.192,239,0.818,244,4.401,102
