1N83_Aa_2_101,1SKX_Aa_2_00-1,7,8,1.0
1T5Z_Aa_2_020,1T5Z_Aa_3_0-10,13,14,1.0
1N83_Aa_2_101,1SKX_Aa_3_-100,7,9,1.0
1T5Z_Aa_2_020,1T5Z_Aa_4_010,13,15,1.0
1N83_Aa_2_101,1SKX_Aa_4_-110,7,10,1.0
1T5Z_Aa_2_020,1T63_Aa_2_-11-1,13,16,1.0
1N83_Aa_2_101,1SKX_Aa_7_-110,7,11,1.0
1N83_Aa_2_101,1SKX_Aa_8_11-1,7,12,1.0
1T65_Aa_2_00-1,1T65_Aa_3_0-10,19,20,1.0
1T65_Aa_2_00-1,1T65_Aa_4_-100,19,21,1.0
1N83_Aa_2_101,1T5Z_Aa_2_020,7,13,1.0
1N83_Aa_2_101,1T5Z_Aa_3_0-10,7,14,1.0
1T65_Aa_2_00-1,1UHL_Bb_3_200,19,22,1.0
1N83_Aa_2_101,1T5Z_Aa_4_010,7,15,1.0
1T5Z_Aa_2_020,1T63_Aa_3_-1-10,13,17,1.0
1N83_Aa_2_101,1T63_Aa_2_-11-1,7,16,1.0
1Z95_Aa_2_00-1,1Z95_Aa_3_100,31,32,1.0
1N83_Aa_2_101,1T63_Aa_3_-1-10,7,17,1.0
1T65_Aa_2_00-1,1XJ7_Aa_2_110,19,23,1.0
1N83_Aa_2_101,1T63_Aa_4_-100,7,18,1.0
1Z95_Aa_2_00-1,1Z95_Aa_4_000,31,33,1.0
1Z95_Aa_2_00-1,2AM9_Aa_2_00-1,31,34,1.0
1N83_Aa_2_101,1T65_Aa_2_00-1,7,19,1.0
1N83_Aa_2_101,1T65_Aa_3_0-10,7,20,1.0
1Z95_Aa_2_00-1,2AM9_Aa_3_0-10,31,35,1.0
1N83_Aa_2_101,1T65_Aa_4_-100,7,21,1.0
1Z95_Aa_2_00-1,2AMA_Aa_3_100,31,38,1.0
1T5Z_Aa_2_020,1T65_Aa_3_0-10,13,20,1.0
1Z95_Aa_2_00-1,2AMA_Aa_4_-100,31,39,1.0
1Z95_Aa_2_00-1,2AMB_Aa_2_00-1,31,40,1.0
2AX9_Aa_2_00-1,2AX9_Aa_3_100,55,56,1.0
1T65_Aa_2_00-1,1XOW_Aa_4_-100,19,28,1.0
1T65_Aa_2_00-1,1XQ3_Aa_2_00-1,19,29,1.0
2FVJ_Aa_2_010,2FVJ_Aa_3_0-10,61,62,1.0
2AMA_Aa_2_00-1,2AMA_Aa_3_100,37,38,1.0
2FVJ_Aa_2_010,2FVJ_Aa_4_001,61,63,1.0
2AMA_Aa_2_00-1,2AMA_Aa_4_-100,37,39,1.0
2AMA_Aa_2_00-1,2AMB_Aa_2_00-1,37,40,1.0
1XJ7_Aa_4_010,2AMA_Aa_2_00-1,25,37,1.0
1XJ7_Aa_4_010,2AMA_Aa_3_100,25,38,1.0
2HVC_Aa_2_010,2HVC_Aa_3_0-10,67,68,1.0
1XJ7_Aa_4_010,2AMA_Aa_4_-100,25,39,1.0
2HVC_Aa_2_010,2HVC_Aa_4_-100,67,69,1.0
1XJ7_Aa_4_010,2AMB_Aa_2_00-1,25,40,1.0
2HVC_Aa_2_010,2OZ7_Aa_2_00-1,67,70,1.0
1T5Z_Aa_2_020,1XOW_Aa_4_-100,13,28,1.0
2HVC_Aa_2_010,2OZ7_Aa_3_100,67,71,1.0
1XJ7_Aa_4_010,2AMB_Aa_3_0-10,25,41,1.0
2HVC_Aa_2_010,2OZ7_Aa_4_-100,67,72,1.0
1XJ7_Aa_4_010,2AMB_Aa_4_-100,25,42,1.0
2AX7_Aa_2_00-1,2AX7_Aa_3_100,49,50,1.0
2AX9_Aa_2_00-1,2AX9_Aa_4_-100,55,57,1.0
2AO6_Aa_2_00-1,2AX8_Aa_3_100,43,53,1.0
2AO6_Aa_2_00-1,2AX8_Aa_4_-100,43,54,1.0
2AO6_Aa_2_00-1,2AX9_Aa_2_00-1,43,55,1.0
1Z95_Aa_2_00-1,2AMB_Aa_3_0-10,31,41,1.0
2AO6_Aa_2_00-1,2AX9_Aa_3_100,43,56,1.0
1Z95_Aa_2_00-1,2AMB_Aa_4_-100,31,42,1.0
1XJ7_Aa_4_010,2AO6_Aa_2_00-1,25,43,1.0
1XJ7_Aa_4_010,2AO6_Aa_3_100,25,44,1.0
2AX9_Aa_2_00-1,2AXA_Aa_2_00-1,55,58,1.0
2AO6_Aa_2_00-1,2AX9_Aa_4_-100,43,57,1.0
2PIO_Aa_2_100,2PIO_Aa_4_-100,73,75,1.0
2AO6_Aa_2_00-1,2AXA_Aa_2_00-1,43,58,1.0
2PIO_Aa_2_100,2PIP_Ll_2_010,73,76,1.0
2AO6_Aa_2_00-1,2AXA_Aa_4_-100,43,60,1.0
2PIO_Aa_2_100,2PIP_Ll_4_010,73,78,1.0
2AO6_Aa_2_00-1,2FVJ_Aa_2_010,43,61,1.0
1T5Z_Aa_2_020,1XQ3_Aa_3_100,13,30,1.0
2HVC_Aa_2_010,2PIP_Ll_3_100,67,77,1.0
1T5Z_Aa_2_020,1Z95_Aa_2_00-1,13,31,1.0
1XJ7_Aa_4_010,2AX6_Aa_2_00-1,25,46,1.0
2AX9_Aa_2_00-1,2GTK_Aa_4_001,55,66,1.0
1T5Z_Aa_2_020,1Z95_Aa_3_100,13,32,1.0
2FVJ_Aa_2_010,2GTK_Aa_3_0-10,61,65,1.0
1T65_Aa_2_00-1,1Z95_Aa_2_00-1,19,31,1.0
2AO6_Aa_2_00-1,2GTK_Aa_2_010,43,64,1.0
2AO6_Aa_2_00-1,2GTK_Aa_3_0-10,43,65,1.0
1T65_Aa_2_00-1,1Z95_Aa_3_100,19,32,1.0
2AO6_Aa_2_00-1,2GTK_Aa_4_001,43,66,1.0
1XJ7_Aa_4_010,2AX6_Aa_3_100,25,47,1.0
2AX9_Aa_2_00-1,2HVC_Aa_2_010,55,67,1.0
2AX9_Aa_2_00-1,2HVC_Aa_3_0-10,55,68,1.0
2PIV_Aa_2_00-1,2PIV_Aa_4_-100,91,93,1.0
2AX9_Aa_2_00-1,2HVC_Aa_4_-100,55,69,1.0
2AX9_Aa_2_00-1,2OZ7_Aa_2_00-1,55,70,1.0
2FVJ_Aa_2_010,2GTK_Aa_4_001,61,66,1.0
2FVJ_Aa_2_010,2HVC_Aa_2_010,61,67,1.0
1T65_Aa_2_00-1,1Z95_Aa_4_000,19,33,1.0
1T65_Aa_2_00-1,2AM9_Aa_2_00-1,19,34,1.0
2AX7_Aa_2_00-1,2AX8_Aa_4_-100,49,54,1.0
1T65_Aa_2_00-1,2AM9_Aa_3_0-10,19,35,1.0
2AX7_Aa_2_00-1,2AX9_Aa_2_00-1,49,55,1.0
1T65_Aa_2_00-1,2AM9_Aa_4_-100,19,36,1.0
2AX7_Aa_2_00-1,2AX9_Aa_3_100,49,56,1.0
1T65_Aa_2_00-1,2AMA_Aa_2_00-1,19,37,1.0
1T65_Aa_2_00-1,2AMA_Aa_3_100,19,38,1.0
1T65_Aa_2_00-1,2AMA_Aa_4_-100,19,39,1.0
2AX7_Aa_2_00-1,2AXA_Aa_4_-100,49,60,1.0
1T65_Aa_2_00-1,2AMB_Aa_3_0-10,19,41,1.0
2AO6_Aa_2_00-1,2OZ7_Aa_3_100,43,71,1.0
2AX7_Aa_2_00-1,2FVJ_Aa_4_001,49,63,1.0
2AO6_Aa_2_00-1,2OZ7_Aa_4_-100,43,72,1.0
2AX7_Aa_2_00-1,2GTK_Aa_2_010,49,64,1.0
2AO6_Aa_2_00-1,2PIO_Aa_2_100,43,73,1.0
2AX7_Aa_2_00-1,2GTK_Aa_3_0-10,49,65,1.0
2AO6_Aa_2_00-1,2PIO_Aa_3_200,43,74,1.0
2AX7_Aa_2_00-1,2GTK_Aa_4_001,49,66,1.0
2AO6_Aa_2_00-1,2PIO_Aa_4_-100,43,75,1.0
2PIQ_Aa_2_-10-1,2PIR_Aa_3_100,79,83,1.0
2Q7J_Aa_3_0-10,2Q7K_Aa_2_00-1,109,111,1.0
2AO6_Aa_2_00-1,2PIP_Ll_2_010,43,76,1.0
2AX7_Aa_2_00-1,2HVC_Aa_2_010,49,67,1.0
2PNU_Aa_2_00-1,2PNU_Aa_4_-100,103,105,1.0
2AO6_Aa_2_00-1,2PIP_Ll_3_100,43,77,1.0
2AX7_Aa_2_00-1,2HVC_Aa_3_0-10,49,68,1.0
2AO6_Aa_2_00-1,2PIP_Ll_4_010,43,78,1.0
2PNU_Aa_2_00-1,2Q7I_Aa_2_00-1,103,106,1.0
2PNU_Aa_2_00-1,2Q7I_Aa_3_100,103,107,1.0
2AX7_Aa_2_00-1,2HVC_Aa_4_-100,49,69,1.0
2PNU_Aa_2_00-1,2Q7J_Aa_2_00-1,103,108,1.0
2AX7_Aa_2_00-1,2OZ7_Aa_2_00-1,49,70,1.0
1T65_Aa_2_00-1,2AMB_Aa_4_-100,19,42,1.0
2AX7_Aa_2_00-1,2OZ7_Aa_3_100,49,71,1.0
2PIX_Aa_2_00-1,2PIX_Aa_4_-100,97,99,1.0
2AX7_Aa_2_00-1,2OZ7_Aa_4_-100,49,72,1.0
2AX7_Aa_2_00-1,2PIO_Aa_2_100,49,73,1.0
2PIX_Aa_2_00-1,2PKL_Aa_2_00-1,97,100,1.0
1XJ7_Aa_4_010,2AX8_Aa_4_-100,25,54,1.0
2PIX_Aa_2_00-1,2PKL_Aa_3_100,97,101,1.0
2AO6_Aa_2_00-1,2PIQ_Aa_2_-10-1,43,79,1.0
2PIQ_Aa_2_-10-1,2PIR_Aa_4_010,79,84,1.0
2PNU_Aa_2_00-1,2Q7K_Aa_2_00-1,103,111,1.0
2PIQ_Aa_2_-10-1,2PIT_Aa_2_00-1,79,85,1.0
2PNU_Aa_2_00-1,2Q7K_Aa_3_100,103,112,1.0
2PIQ_Aa_2_-10-1,2PIT_Aa_3_100,79,86,1.0
2AO6_Aa_2_00-1,2PIQ_Aa_3_-1-10,43,80,1.0
2PNU_Aa_2_00-1,2Q7K_Aa_4_000,103,113,1.0
1T65_Aa_2_00-1,2AO6_Aa_3_100,19,44,1.0
2PIQ_Aa_2_-10-1,2PIU_Aa_3_100,79,89,1.0
1T65_Aa_2_00-1,2AO6_Aa_4_-100,19,45,1.0
2PIQ_Aa_2_-10-1,2PIU_Aa_4_-100,79,90,1.0
2HVC_Aa_2_010,2PIU_Aa_4_-100,67,90,1.0
2PIQ_Aa_2_-10-1,2PIV_Aa_2_00-1,79,91,1.0
2HVC_Aa_2_010,2PIV_Aa_2_00-1,67,91,1.0
2PIQ_Aa_2_-10-1,2PIV_Aa_3_100,79,92,1.0
1T65_Aa_2_00-1,2AX6_Aa_2_00-1,19,46,1.0
2PIX_Aa_2_00-1,2PNU_Aa_2_00-1,97,103,1.0
2PIX_Aa_2_00-1,2PNU_Aa_3_100,97,104,1.0
1XJ7_Aa_4_010,2AX9_Aa_2_00-1,25,55,1.0
2AX7_Aa_2_00-1,2PIP_Ll_3_100,49,77,1.0
1XJ7_Aa_4_010,2AX9_Aa_3_100,25,56,1.0
2PIQ_Aa_2_-10-1,2PIV_Aa_4_-100,79,93,1.0
2AO6_Aa_2_00-1,2PIQ_Aa_4_-1-10,43,81,1.0
2AO6_Aa_2_00-1,2PIR_Aa_2_010,43,82,1.0
2PNU_Aa_2_00-1,2Q7L_Aa_2_00-1,103,114,1.0
2AO6_Aa_2_00-1,2PIR_Aa_3_100,43,83,1.0
2Q7J_Aa_3_0-10,2Q7L_Aa_4_-100,109,116,1.0
1T65_Aa_2_00-1,2AX6_Aa_3_100,19,47,1.0
2PIX_Aa_2_00-1,2PNU_Aa_4_-100,97,105,1.0
2AX7_Aa_2_00-1,2PIQ_Aa_2_-10-1,49,79,1.0
2PIX_Aa_2_00-1,2Q7I_Aa_2_00-1,97,106,1.0
2PIX_Aa_2_00-1,2Q7I_Aa_3_100,97,107,1.0
2AX9_Aa_2_00-1,2PIT_Aa_2_00-1,55,85,1.0
2HVC_Aa_2_010,2PIV_Aa_4_-100,67,93,1.0
2Q7L_Aa_3_0-10,2Q7L_Aa_4_-100,115,116,1.0
2Q7L_Aa_3_0-10,2QNV_Aa_2_00-1,115,117,1.0
2HVC_Aa_2_010,2PIW_Aa_2_00-1,67,94,1.0
2Q7L_Aa_3_0-10,2QNV_Aa_3_-100,115,118,1.0
1T65_Aa_2_00-1,2AX7_Aa_2_00-1,19,49,1.0
1T65_Aa_2_00-1,2AX7_Aa_3_100,19,50,1.0
2PIX_Aa_2_00-1,2Q7J_Aa_2_00-1,97,108,1.0
2PNU_Aa_2_00-1,2Q7L_Aa_3_0-10,103,115,1.0
2PIX_Aa_2_00-1,2Q7J_Aa_3_0-10,97,109,1.0
2PNU_Aa_2_00-1,2Q7L_Aa_4_-100,103,116,1.0
2PIX_Aa_2_00-1,2Q7J_Aa_4_-100,97,110,1.0
2AX9_Aa_2_00-1,2PIT_Aa_3_100,55,86,1.0
2AX9_Aa_2_00-1,2PIT_Aa_4_-100,55,87,1.0
2PIX_Aa_2_00-1,2Q7K_Aa_2_00-1,97,111,1.0
2PIX_Aa_2_00-1,2Q7K_Aa_3_100,97,112,1.0
2AX9_Aa_2_00-1,2PIU_Aa_2_00-1,55,88,1.0
2PIX_Aa_2_00-1,2Q7K_Aa_4_000,97,113,1.0
2AX7_Aa_2_00-1,2PIQ_Aa_3_-1-10,49,80,1.0
2AX7_Aa_2_00-1,2PIQ_Aa_4_-1-10,49,81,1.0
2PIX_Aa_2_00-1,2Q7L_Aa_2_00-1,97,114,1.0
2AX7_Aa_2_00-1,2PIR_Aa_2_010,49,82,1.0
2HVC_Aa_2_010,2PIW_Aa_3_100,67,95,1.0
2HVC_Aa_2_010,2PIW_Aa_4_-100,67,96,1.0
2PIT_Aa_2_00-1,2PIW_Aa_4_-100,85,96,1.0
2Q7J_Aa_3_0-10,2QNV_Aa_3_-100,109,118,1.0
2PIT_Aa_2_00-1,2PIX_Aa_2_00-1,85,97,1.0
2Q7J_Aa_3_0-10,2QNV_Aa_4_-100,109,119,1.0
2PIT_Aa_2_00-1,2PIX_Aa_3_100,85,98,1.0
2AO6_Aa_2_00-1,2PIR_Aa_4_010,43,84,1.0
2QNV_Aa_8_000,2YHD_Aa_2_00-1,121,122,1.0
2AO6_Aa_2_00-1,2PIT_Aa_2_00-1,43,85,1.0
2QNV_Aa_8_000,2YHD_Aa_3_0-10,121,123,1.0
2AO6_Aa_2_00-1,2PIT_Aa_3_100,43,86,1.0
2HVC_Aa_2_010,2PIX_Aa_2_00-1,67,97,1.0
2HVC_Aa_2_010,2PIX_Aa_3_100,67,98,1.0
2HVC_Aa_2_010,2PIX_Aa_4_-100,67,99,1.0
1XJ7_Aa_4_010,2AX9_Aa_4_-100,25,57,1.0
1XJ7_Aa_4_010,2AXA_Aa_2_00-1,25,58,1.0
2YLP_Aa_3_1-1-1,2YLQ_Aa_2_00-1,127,128,1.0
1XJ7_Aa_4_010,2AXA_Aa_3_100,25,59,1.0
2YLP_Aa_3_1-1-1,2YLQ_Aa_3_00-1,127,129,1.0
2Q7J_Aa_3_0-10,2QNV_Aa_7_001,109,120,1.0
2PIQ_Aa_2_-10-1,2PIW_Aa_3_100,79,95,1.0
2Q7J_Aa_3_0-10,2QNV_Aa_8_000,109,121,1.0
1T65_Aa_2_00-1,2AX7_Aa_4_-100,19,51,1.0
2PIT_Aa_2_00-1,2PIX_Aa_4_-100,85,99,1.0
1T65_Aa_2_00-1,2AX8_Aa_2_00-1,19,52,1.0
2PIT_Aa_2_00-1,2PKL_Aa_2_00-1,85,100,1.0
1T65_Aa_2_00-1,2AX8_Aa_3_100,19,53,1.0
2PNU_Aa_2_00-1,2QNV_Aa_2_00-1,103,117,1.0
1T65_Aa_2_00-1,2AX8_Aa_4_-100,19,54,1.0
2PNU_Aa_2_00-1,2QNV_Aa_3_-100,103,118,1.0
2PNU_Aa_2_00-1,2QNV_Aa_4_-100,103,119,1.0
2Q7L_Aa_3_0-10,2QNV_Aa_4_-100,115,119,1.0
2Q7J_Aa_3_0-10,2YHD_Aa_2_00-1,109,122,1.0
2AX9_Aa_2_00-1,2PIU_Aa_3_100,55,89,1.0
2Q7J_Aa_3_0-10,2YHD_Aa_3_0-10,109,123,1.0
2AX7_Aa_2_00-1,2PIR_Aa_3_100,49,83,1.0
2HVC_Aa_2_010,2PKL_Aa_2_00-1,67,100,1.0
2HVC_Aa_2_010,2PKL_Aa_3_100,67,101,1.0
1XJ7_Aa_4_010,2AXA_Aa_4_-100,25,60,1.0
2YLP_Aa_3_1-1-1,2Z4J_Aa_2_-11-1,127,130,1.0
1XJ7_Aa_4_010,2FVJ_Aa_2_010,25,61,1.0
2YLP_Aa_3_1-1-1,2Z4J_Aa_3_-1-10,127,131,1.0
1XJ7_Aa_4_010,2FVJ_Aa_3_0-10,25,62,1.0
3B5R_Aa_2_00-1,3B5R_Aa_3_100,133,134,1.0
1XJ7_Aa_4_010,2FVJ_Aa_4_001,25,63,1.0
3B5R_Aa_2_00-1,3B5R_Aa_4_-100,133,135,1.0
2AX7_Aa_2_00-1,2PIR_Aa_4_010,49,84,1.0
2Q7J_Aa_3_0-10,2YLO_Aa_2_-10-1,109,124,1.0
2AX7_Aa_2_00-1,2PIT_Aa_2_00-1,49,85,1.0
2YLP_Aa_3_1-1-1,2Z4J_Aa_4_-100,127,132,1.0
2AX7_Aa_2_00-1,2PIT_Aa_3_100,49,86,1.0
2AX7_Aa_2_00-1,2PIT_Aa_4_-100,49,87,1.0
3B5R_Aa_2_00-1,3B65_Aa_2_00-1,133,136,1.0
2PIX_Aa_2_00-1,2Q7L_Aa_4_-100,97,116,1.0
2PIX_Aa_2_00-1,2QNV_Aa_2_00-1,97,117,1.0
2AX9_Aa_2_00-1,2PIV_Aa_2_00-1,55,91,1.0
2PIX_Aa_2_00-1,2QNV_Aa_3_-100,97,118,1.0
2YLP_Aa_3_1-1-1,3B5R_Aa_2_00-1,127,133,1.0
2AX7_Aa_2_00-1,2PIU_Aa_2_00-1,49,88,1.0
2YLP_Aa_3_1-1-1,3B5R_Aa_3_100,127,134,1.0
2AX7_Aa_2_00-1,2PIU_Aa_3_100,49,89,1.0
1XJ7_Aa_4_010,2GTK_Aa_2_010,25,64,1.0
1XJ7_Aa_4_010,2GTK_Aa_3_0-10,25,65,1.0
1T65_Aa_2_00-1,2AX9_Aa_2_00-1,19,55,1.0
2Q7J_Aa_3_0-10,2YLO_Aa_3_-1-1-1,109,125,1.0
2AX9_Aa_2_00-1,2PIV_Aa_3_100,55,92,1.0
3B5R_Aa_2_00-1,3B65_Aa_3_100,133,137,1.0
2AX9_Aa_2_00-1,2PIV_Aa_4_-100,55,93,1.0
2AX9_Aa_2_00-1,2PIW_Aa_2_00-1,55,94,1.0
3B66_Aa_2_00-1,3B66_Aa_4_-100,139,141,1.0
2Q7J_Aa_3_0-10,2YLP_Aa_2_00-1,109,126,1.0
2PIX_Aa_2_00-1,2QNV_Aa_7_001,97,120,1.0
2PIX_Aa_2_00-1,2QNV_Aa_8_000,97,121,1.0
2Q7J_Aa_3_0-10,2YLP_Aa_3_1-1-1,109,127,1.0
2Q7J_Aa_3_0-10,2YLQ_Aa_2_00-1,109,128,1.0
2PIX_Aa_2_00-1,2YHD_Aa_2_00-1,97,122,1.0
1T65_Aa_2_00-1,2AX9_Aa_4_-100,19,57,1.0
2PIX_Aa_2_00-1,2YHD_Aa_3_0-10,97,123,1.0
2Q7J_Aa_3_0-10,2YLQ_Aa_3_00-1,109,129,1.0
3B68_Aa_2_00-1,3B68_Aa_3_100,145,146,1.0
2HVC_Aa_2_010,2PKL_Aa_4_000,67,102,1.0
1XJ7_Aa_4_010,2GTK_Aa_4_001,25,66,1.0
1T65_Aa_2_00-1,2AXA_Aa_2_00-1,19,58,1.0
2PNU_Aa_2_00-1,2QNV_Aa_8_000,103,121,1.0
3B5R_Aa_2_00-1,3B65_Aa_4_-100,133,138,1.0
2AX9_Aa_2_00-1,2PIW_Aa_3_100,55,95,1.0
1XJ7_Aa_4_010,2HVC_Aa_2_010,25,67,1.0
2PIX_Aa_2_00-1,2YLO_Aa_2_-10-1,97,124,1.0
2PNU_Aa_2_00-1,2YHD_Aa_2_00-1,103,122,1.0
2AX7_Aa_2_00-1,2PIU_Aa_4_-100,49,90,1.0
2AX9_Aa_2_00-1,2PIW_Aa_4_-100,55,96,1.0
2AX7_Aa_2_00-1,2PIV_Aa_2_00-1,49,91,1.0
2AX9_Aa_2_00-1,2PIX_Aa_2_00-1,55,97,1.0
3B66_Aa_2_00-1,3B67_Aa_2_00-1,139,142,1.0
2AX9_Aa_2_00-1,2PIX_Aa_3_100,55,98,1.0
3B68_Aa_2_00-1,3B68_Aa_4_-100,145,147,1.0
2AX9_Aa_2_00-1,2PIX_Aa_4_-100,55,99,1.0
3B68_Aa_2_00-1,3FEJ_Aa_2_010,145,148,1.0
2Q7J_Aa_3_0-10,2Z4J_Aa_2_-11-1,109,130,1.0
2AX9_Aa_2_00-1,2PKL_Aa_2_00-1,55,100,1.0
2Q7J_Aa_3_0-10,2Z4J_Aa_3_-1-10,109,131,1.0
3B68_Aa_2_00-1,3FEJ_Aa_3_0-10,145,149,1.0
2AX9_Aa_2_00-1,2PKL_Aa_3_100,55,101,1.0
2PIX_Aa_2_00-1,2YLO_Aa_3_-1-1-1,97,125,1.0
2YLP_Aa_3_1-1-1,3B5R_Aa_4_-100,127,135,1.0
2Q7J_Aa_3_0-10,2Z4J_Aa_4_-100,109,132,1.0
1T65_Aa_2_00-1,2AXA_Aa_3_100,19,59,1.0
1XJ7_Aa_4_010,2OZ7_Aa_4_-100,25,72,1.0
1XJ7_Aa_4_010,2PIO_Aa_2_100,25,73,1.0
2AX7_Aa_2_00-1,2PIV_Aa_3_100,49,92,1.0
2AX7_Aa_2_00-1,2PIV_Aa_4_-100,49,93,1.0
2YLP_Aa_3_1-1-1,3B65_Aa_3_100,127,137,1.0
2AX7_Aa_2_00-1,2PIW_Aa_2_00-1,49,94,1.0
2AX7_Aa_2_00-1,2PIW_Aa_3_100,49,95,1.0
1XJ7_Aa_4_010,2PIO_Aa_3_200,25,74,1.0
2PNU_Aa_2_00-1,2YLP_Aa_3_1-1-1,103,127,1.0
1T65_Aa_2_00-1,2AXA_Aa_4_-100,19,60,1.0
2PNU_Aa_2_00-1,2YLQ_Aa_2_00-1,103,128,1.0
1T65_Aa_2_00-1,2FVJ_Aa_3_0-10,19,62,1.0
3B68_Aa_2_00-1,3G9E_Aa_4_001,145,153,1.0
2Q7J_Aa_3_0-10,3B5R_Aa_3_100,109,134,1.0
2PIX_Aa_2_00-1,2YLP_Aa_2_00-1,97,126,1.0
2PIX_Aa_2_00-1,2YLP_Aa_3_1-1-1,97,127,1.0
1XJ7_Aa_4_010,2PIO_Aa_4_-100,25,75,1.0
3B66_Aa_2_00-1,3G9E_Aa_3_0-10,139,152,1.0
2PNU_Aa_2_00-1,2YLQ_Aa_3_00-1,103,129,1.0
3B66_Aa_2_00-1,3G9E_Aa_4_001,139,153,1.0
1T65_Aa_2_00-1,2FVJ_Aa_4_001,19,63,1.0
3B68_Aa_2_00-1,3IMY_Aa_2_110,145,154,1.0
1T65_Aa_2_00-1,2GTK_Aa_2_010,19,64,1.0
3B68_Aa_2_00-1,3IMY_Aa_3_01-1,145,155,1.0
1T65_Aa_2_00-1,2GTK_Aa_3_0-10,19,65,1.0
1T65_Aa_2_00-1,2GTK_Aa_4_001,19,66,1.0
2Q7J_Aa_3_0-10,3B5R_Aa_4_-100,109,135,1.0
2Q7J_Aa_3_0-10,3B65_Aa_2_00-1,109,136,1.0
2AX7_Aa_2_00-1,2PIW_Aa_4_-100,49,96,1.0
3B68_Aa_2_00-1,3IMY_Aa_6_000,145,157,1.0
2AX7_Aa_2_00-1,2PIX_Aa_2_00-1,49,97,1.0
2YLP_Aa_3_1-1-1,3B67_Aa_2_00-1,127,142,1.0
2YLP_Aa_3_1-1-1,3B67_Aa_3_100,127,143,1.0
2AX7_Aa_2_00-1,2PIX_Aa_3_100,49,98,1.0
2YLP_Aa_3_1-1-1,3B67_Aa_4_-100,127,144,1.0
1T65_Aa_2_00-1,2HVC_Aa_2_010,19,67,1.0
1T65_Aa_2_00-1,2HVC_Aa_3_0-10,19,68,1.0
3IPS_Ab_3_000,3IPS_Aa_8_001,163,164,1.0
1XJ7_Aa_4_010,2PIR_Aa_2_010,25,82,1.0
3B5R_Aa_2_00-1,3B67_Aa_4_-100,133,144,1.0
2PNU_Aa_2_00-1,2Z4J_Aa_3_-1-10,103,131,1.0
3B66_Aa_2_00-1,3IMY_Aa_2_110,139,154,1.0
2PNU_Aa_2_00-1,2Z4J_Aa_4_-100,103,132,1.0
3B66_Aa_2_00-1,3IMY_Aa_3_01-1,139,155,1.0
2PNU_Aa_2_00-1,3B5R_Aa_2_00-1,103,133,1.0
2YLP_Aa_3_1-1-1,3B68_Aa_2_00-1,127,145,1.0
2PNU_Aa_2_00-1,3B5R_Aa_3_100,103,134,1.0
2YLP_Aa_3_1-1-1,3B68_Aa_3_100,127,146,1.0
2PNU_Aa_2_00-1,3B5R_Aa_4_-100,103,135,1.0
2YLP_Aa_3_1-1-1,3B68_Aa_4_-100,127,147,1.0
3IPS_Ab_3_000,3IPS_Bb_8_001,163,165,1.0
1XJ7_Aa_4_010,2PIR_Aa_3_100,25,83,1.0
1XJ7_Aa_4_010,2PIR_Aa_4_010,25,84,1.0
2AX7_Aa_2_00-1,2PKL_Aa_3_100,49,101,1.0
2AX7_Aa_2_00-1,2PKL_Aa_4_000,49,102,1.0
1XJ7_Aa_4_010,2PIT_Aa_2_00-1,25,85,1.0
2AX7_Aa_2_00-1,2PNU_Aa_2_00-1,49,103,1.0
2PNU_Aa_2_00-1,3B65_Aa_2_00-1,103,136,1.0
3B5R_Aa_2_00-1,3B68_Aa_2_00-1,133,145,1.0
2PNU_Aa_2_00-1,3B65_Aa_3_100,103,137,1.0
3B5R_Aa_2_00-1,3B68_Aa_3_100,133,146,1.0
2PNU_Aa_2_00-1,3B65_Aa_4_-100,103,138,1.0
3B5R_Aa_2_00-1,3B68_Aa_4_-100,133,147,1.0
2YLP_Aa_3_1-1-1,3FEJ_Aa_2_010,127,148,1.0
3B5R_Aa_2_00-1,3FEJ_Aa_2_010,133,148,1.0
2YLP_Aa_3_1-1-1,3FEJ_Aa_3_0-10,127,149,1.0
3B5R_Aa_2_00-1,3FEJ_Aa_3_0-10,133,149,1.0
2YLP_Aa_3_1-1-1,3FEJ_Aa_4_001,127,150,0.9473684210526316
2AX7_Aa_2_00-1,2PNU_Aa_3_100,49,104,1.0
1XJ7_Aa_4_010,2PIT_Aa_3_100,25,86,1.0
2AX7_Aa_2_00-1,2PNU_Aa_4_-100,49,105,1.0
1XJ7_Aa_4_010,2PIT_Aa_4_-100,25,87,1.0
1T65_Aa_2_00-1,2HVC_Aa_4_-100,19,69,1.0
1T65_Aa_2_00-1,2OZ7_Aa_2_00-1,19,70,1.0
2AX7_Aa_2_00-1,2Q7I_Aa_2_00-1,49,106,1.0
3B68_Aa_2_00-1,3IPS_Ab_1_000,145,161,0.9
3B68_Aa_2_00-1,3IPS_Ab_2_-1-10,145,162,1.0
3B66_Aa_2_00-1,3IMY_Aa_5_110,139,156,1.0
2YLP_Aa_3_1-1-1,3G9E_Aa_2_010,127,151,1.0
3B66_Aa_2_00-1,3IMY_Aa_6_000,139,157,1.0
3B5R_Aa_2_00-1,3FEJ_Aa_4_001,133,150,1.0
2PNU_Aa_2_00-1,3B66_Aa_2_00-1,103,139,1.0
2PNU_Aa_2_00-1,3B66_Aa_3_100,103,140,1.0
2PNU_Aa_2_00-1,3B66_Aa_4_-100,103,141,1.0
1T65_Aa_2_00-1,2OZ7_Aa_3_100,19,71,1.0
2AX7_Aa_2_00-1,2Q7I_Aa_3_100,49,107,1.0
3B66_Aa_2_00-1,3IPQ_Aa_5_100,139,158,1.0
1T65_Aa_2_00-1,2OZ7_Aa_4_-100,19,72,1.0
1T65_Aa_2_00-1,2PIO_Aa_2_100,19,73,1.0
3B66_Aa_2_00-1,3IPQ_Aa_7_000,139,159,0.9056603773584906
3B66_Aa_2_00-1,3IPQ_Aa_16_00-1,139,160,0.9285714285714286
1T65_Aa_2_00-1,2PIO_Aa_3_200,19,74,1.0
2Q7J_Aa_3_0-10,3B66_Aa_2_00-1,109,139,1.0
3B66_Aa_2_00-1,3IPS_Ab_1_000,139,161,0.9074074074074074
3B5R_Aa_2_00-1,3G9E_Aa_2_010,133,151,1.0
2AX7_Aa_2_00-1,2Q7J_Aa_2_00-1,49,108,1.0
2AX7_Aa_2_00-1,2Q7J_Aa_3_0-10,49,109,1.0
3B5R_Aa_2_00-1,3G9E_Aa_3_0-10,133,152,1.0
2YLP_Aa_3_1-1-1,3G9E_Aa_3_0-10,127,152,1.0
2Q7J_Aa_3_0-10,3B66_Aa_3_100,109,140,1.0
2Q7J_Aa_3_0-10,3B66_Aa_4_-100,109,141,1.0
2YLP_Aa_3_1-1-1,3G9E_Aa_4_001,127,153,0.9473684210526316
2Q7J_Aa_3_0-10,3B67_Aa_2_00-1,109,142,1.0
3IPU_Aa_8_001,3IPU_Bb_8_001,169,170,1.0
2Q7J_Aa_3_0-10,3B67_Aa_3_100,109,143,1.0
3IPU_Aa_8_001,3L0E_Aa_4_0-10,169,171,1.0
2Q7J_Aa_3_0-10,3B67_Aa_4_-100,109,144,1.0
2Q7J_Aa_3_0-10,3B68_Aa_2_00-1,109,145,1.0
3B68_Aa_2_00-1,3IPS_Ab_3_000,145,163,1.0
3B5R_Aa_2_00-1,3G9E_Aa_4_001,133,153,1.0
3B5R_Aa_2_00-1,3IMY_Aa_2_110,133,154,1.0
3IPS_Ab_3_000,3IPU_Ab_1_000,163,166,1.0
3B5R_Aa_2_00-1,3IMY_Aa_3_01-1,133,155,1.0
3B5R_Aa_2_00-1,3IMY_Aa_5_110,133,156,1.0
3B5R_Aa_2_00-1,3IMY_Aa_6_000,133,157,1.0
3B68_Aa_2_00-1,3IPS_Bb_8_001,145,165,0.9117647058823529
3IPU_Aa_8_001,3L3X_Aa_2_010,169,174,1.0
3B68_Aa_2_00-1,3IPU_Ab_1_000,145,166,0.8879310344827587
3B5R_Aa_2_00-1,3IPQ_Aa_5_100,133,158,1.0
3IPS_Ab_3_000,3L0E_Aa_5_000,163,172,0.4193548387096774
2YLP_Aa_3_1-1-1,3IMY_Aa_3_01-1,127,155,1.0
3RLL_Aa_2_00-1,3S9S_Aa_3_-10-1,181,184,0.8904109589041096
3IPU_Aa_8_001,3L3X_Aa_3_0-10,169,175,1.0
2Q7J_Aa_3_0-10,3FEJ_Aa_2_010,109,148,1.0
2YLP_Aa_3_1-1-1,3IMY_Aa_5_110,127,156,1.0
3RLL_Aa_2_00-1,3S9S_Aa_5_-1-10,181,185,1.0
3RLL_Aa_2_00-1,3S9S_Aa_6_-100,181,186,1.0
3B5R_Aa_2_00-1,3IPQ_Aa_7_000,133,159,0.9056603773584906
3UP3_Aa_2_001,3V3E_Bb_3_0-10,187,188,1.0
3B5R_Aa_2_00-1,3IPQ_Aa_16_00-1,133,160,0.9285714285714286
3B5R_Aa_2_00-1,3IPS_Ab_1_000,133,161,0.9074074074074074
3UP3_Aa_2_001,3V3Q_Bb_3_0-10,187,189,1.0
2Q7J_Aa_3_0-10,3FEJ_Aa_3_0-10,109,149,1.0
3UP3_Aa_2_001,3V49_Aa_2_00-1,187,190,1.0
3B5R_Aa_2_00-1,3IPS_Ab_2_-1-10,133,162,1.0
2YLP_Aa_3_1-1-1,3IMY_Aa_6_000,127,157,1.0
3IPU_Aa_8_001,3L3Z_Aa_2_010,169,176,1.0
3RLL_Aa_2_00-1,3UP3_Aa_2_001,181,187,1.0
2Q7J_Aa_3_0-10,3G9E_Aa_2_010,109,151,1.0
3RLL_Aa_2_00-1,3V3E_Bb_3_0-10,181,188,1.0
2Q7J_Aa_3_0-10,3G9E_Aa_3_0-10,109,152,1.0
3RLL_Aa_2_00-1,3V3Q_Bb_3_0-10,181,189,1.0
2Q7J_Aa_3_0-10,3G9E_Aa_4_001,109,153,1.0
2Q7J_Aa_3_0-10,3IMY_Aa_2_110,109,154,1.0
3RLL_Aa_2_00-1,3V49_Aa_2_00-1,181,190,1.0
3B5R_Aa_2_00-1,3IPS_Aa_8_001,133,164,1.0
3RLL_Aa_2_00-1,3V49_Aa_3_100,181,191,1.0
3B5R_Aa_2_00-1,3IPS_Bb_8_001,133,165,0.9032258064516129
3RLL_Aa_2_00-1,3V49_Aa_4_-100,181,192,1.0
3IPU_Aa_8_001,3L3Z_Aa_3_0-10,169,177,1.0
2Q7J_Aa_3_0-10,3IMY_Aa_3_01-1,109,155,1.0
3B5R_Aa_2_00-1,3IPU_Ab_1_000,133,166,0.8947368421052632
2PNU_Aa_2_00-1,3B67_Aa_4_-100,103,144,1.0
3IPU_Aa_8_001,3RLJ_Aa_2_00-1,169,178,1.0
3IPU_Aa_8_001,3RLJ_Aa_3_100,169,179,1.0
2YLP_Aa_3_1-1-1,3IPQ_Aa_7_000,127,159,0.9821428571428571
2YLP_Aa_3_1-1-1,3IPQ_Aa_16_00-1,127,160,1.0
3B5R_Aa_2_00-1,3IPU_Ab_2_-1-10,133,167,1.0
2YLP_Aa_3_1-1-1,3IPS_Ab_1_000,127,161,0.9824561403508771
3B5R_Aa_2_00-1,3IPU_Ab_3_000,133,168,1.0
2YLP_Aa_3_1-1-1,3IPS_Ab_2_-1-10,127,162,1.0
2Q7J_Aa_3_0-10,3IMY_Aa_5_110,109,156,1.0
2Q7J_Aa_3_0-10,3IMY_Aa_6_000,109,157,1.0
2YLP_Aa_3_1-1-1,3IPS_Ab_3_000,127,163,1.0
2Q7J_Aa_3_0-10,3IPQ_Aa_5_100,109,158,1.0
3IPU_Aa_8_001,3RLJ_Aa_4_-100,169,180,1.0
3B5R_Aa_2_00-1,3IPU_Aa_8_001,133,169,1.0
3B5R_Aa_2_00-1,3IPU_Bb_8_001,133,170,1.0
3V4A_Aa_2_00-1,3V9Y_Aa_2_102,193,196,1.0
3V4A_Aa_2_00-1,4B7W_Bd_1_000,193,197,1.0
4K7A_Aa_2_-10-1,4K7A_Aa_3_-1-1-1,205,206,1.0
3V4A_Aa_2_00-1,4B7W_Bb_2_000,193,198,1.0
3V4A_Aa_2_00-1,4B7W_Bd_2_000,193,199,1.0
3B5R_Aa_2_00-1,3L3X_Aa_3_0-10,133,175,1.0
3V4A_Aa_2_00-1,4B7W_Dd_2_000,193,200,1.0
3B5R_Aa_2_00-1,3L3Z_Aa_2_010,133,176,1.0
4B7W_Bd_2_000,4HLW_Aa_2_00-1,199,203,1.0
3B5R_Aa_2_00-1,3L3Z_Aa_3_0-10,133,177,1.0
4B7W_Bd_2_000,4HLW_Aa_3_100,199,204,1.0
4OEA_Aa_4_000,4OED_Aa_2_-10-1,211,212,1.0
4B7W_Bd_2_000,4K7A_Aa_2_-10-1,199,205,1.0
3IPU_Aa_8_001,3S9S_Aa_6_-100,169,186,1.0
2PNU_Aa_2_00-1,3FEJ_Aa_2_010,103,148,1.0
3IPU_Aa_8_001,3UP3_Aa_2_001,169,187,1.0
2PNU_Aa_2_00-1,3FEJ_Aa_3_0-10,103,149,1.0
4B7W_Bd_2_000,4K7A_Aa_3_-1-1-1,199,206,1.0
4OEA_Aa_4_000,4OED_Aa_3_-1-1-1,211,213,1.0
2YLP_Aa_3_1-1-1,3IPU_Ab_2_-1-10,127,167,1.0
2YLP_Aa_3_1-1-1,3IPU_Ab_3_000,127,168,1.0
4OEA_Aa_4_000,4OED_Aa_4_-100,211,214,1.0
2YLP_Aa_3_1-1-1,3IPU_Aa_8_001,127,169,1.0
2Q7J_Aa_3_0-10,3IPS_Ab_3_000,109,163,1.0
3V4A_Aa_2_00-1,4DK7_Aa_8_110,193,201,0.8536585365853658
3V4A_Aa_2_00-1,4F9M_Aa_2_102,193,202,1.0
2Q7J_Aa_3_0-10,3IPS_Aa_8_001,109,164,1.0
3V4A_Aa_2_00-1,4HLW_Aa_2_00-1,193,203,1.0
4B7W_Bd_2_000,4K7A_Aa_4_-100,199,207,1.0
4OEA_Aa_4_000,4OEY_Aa_2_00-1,211,215,1.0
2YLP_Aa_3_1-1-1,3IPU_Bb_8_001,127,170,1.0
3B5R_Aa_2_00-1,3RLJ_Aa_2_00-1,133,178,1.0
3IPU_Aa_8_001,3V49_Aa_3_100,169,191,1.0
2Q7J_Aa_3_0-10,3IPU_Ab_1_000,109,166,1.0
4OEA_Aa_4_000,4OEY_Aa_3_100,211,216,1.0
4OH5_Aa_3_100,4OH6_Aa_3_100,229,232,1.0
4B7W_Bd_2_000,4OEA_Aa_3_-1-1-1,199,210,1.0
2PNU_Aa_2_00-1,3G9E_Aa_4_001,103,153,1.0
4OHA_Aa_3_0-10,4OHA_Aa_4_-1-11,235,236,1.0
3RLL_Aa_2_00-1,4B7W_Bd_2_000,181,199,1.0
4OH5_Aa_3_100,4OH6_Aa_4_-100,229,233,1.0
4OH5_Aa_3_100,4OHA_Aa_2_-10-1,229,234,1.0
4OH5_Aa_3_100,4OHA_Aa_3_0-10,229,235,1.0
4OH5_Aa_3_100,4OHA_Aa_4_-1-11,229,236,1.0
4OFU_Aa_2_-10-1,4OGH_Aa_3_100,223,226,1.0
4OHA_Aa_3_0-10,4OIL_Aa_2_-10-1,235,237,1.0
4OEA_Aa_4_000,4OEY_Aa_4_-100,211,217,1.0
2PNU_Aa_2_00-1,3IMY_Aa_2_110,103,154,1.0
3RLL_Aa_2_00-1,4DK7_Aa_8_110,181,201,0.8461538461538461
3IPU_Aa_8_001,3V4A_Aa_3_100,169,194,1.0
4OEA_Aa_4_000,4OEZ_Aa_2_00-1,211,218,1.0
4OFU_Aa_2_-10-1,4OGH_Aa_4_-100,223,227,1.0
4OFU_Aa_2_-10-1,4OH5_Aa_2_00-1,223,228,1.0
2PNU_Aa_2_00-1,3IMY_Aa_3_01-1,103,155,1.0
3RLL_Aa_2_00-1,4F9M_Aa_2_102,181,202,1.0
3IPU_Aa_8_001,3V4A_Aa_4_-100,169,195,1.0
2PNU_Aa_2_00-1,3IMY_Aa_5_110,103,156,1.0
3RLL_Aa_2_00-1,4HLW_Aa_2_00-1,181,203,1.0
4OEA_Aa_4_000,4OEZ_Aa_3_100,211,219,1.0
4OEA_Aa_4_000,4OEZ_Aa_4_-100,211,220,1.0
4OHA_Aa_3_0-10,4OIL_Aa_3_-1-1-1,235,238,1.0
4OEA_Aa_4_000,4OFR_Aa_2_00-1,211,221,1.0
2Q7J_Aa_3_0-10,3L0E_Aa_4_0-10,109,171,1.0
3V4A_Aa_2_00-1,4K7A_Aa_3_-1-1-1,193,206,1.0
2PNU_Aa_2_00-1,3IMY_Aa_6_000,103,157,1.0
2PNU_Aa_2_00-1,3IPQ_Aa_5_100,103,158,1.0
4OKW_Aa_3_0-10,4OKX_Aa_3_100,259,262,1.0
4OEA_Aa_4_000,4OGH_Aa_4_-100,211,227,1.0
2PNU_Aa_2_00-1,3IPQ_Aa_7_000,103,159,0.912621359223301
4OKW_Aa_3_0-10,4OKX_Aa_4_-100,259,263,1.0
4OKW_Aa_3_0-10,4OLM_Aa_2_00-1,259,264,1.0
4OFU_Aa_2_-10-1,4OHA_Aa_3_0-10,223,235,1.0
4OKB_Aa_3_100,4OKT_Aa_2_00-1,253,255,1.0
4OFU_Aa_2_-10-1,4OHA_Aa_4_-1-11,223,236,1.0
2PNU_Aa_2_00-1,3IPQ_Aa_16_00-1,103,160,0.9166666666666666
4OFU_Aa_2_-10-1,4OIL_Aa_2_-10-1,223,237,1.0
4OKW_Aa_3_0-10,4OLM_Aa_3_0-10,259,265,1.0
4OEA_Aa_4_000,4OH5_Aa_2_00-1,211,228,1.0
2PNU_Aa_2_00-1,3IPS_Ab_1_000,103,161,0.9142857142857143
2Q7J_Aa_3_0-10,3L3Z_Aa_2_010,109,176,1.0
2PNU_Aa_2_00-1,3IPU_Aa_8_001,103,169,1.0
2Q7J_Aa_3_0-10,3L3Z_Aa_3_0-10,109,177,1.0
2Q7J_Aa_3_0-10,3RLJ_Aa_2_00-1,109,178,1.0
4OFU_Aa_2_-10-1,4OIU_Aa_2_-10-1,223,240,1.0
4OKW_Aa_3_0-10,4REF_Bb_3_0-10,259,270,1.0
2PNU_Aa_2_00-1,3IPU_Bb_8_001,103,170,1.0
4OFU_Aa_2_-10-1,4OIU_Aa_3_-1-1-1,223,241,1.0
4OKW_Aa_3_0-10,4S14_Aa_4_0-10,259,272,1.0
2Q7J_Aa_3_0-10,3RLL_Aa_4_-100,109,183,1.0
4OFU_Aa_2_-10-1,4OIU_Aa_4_-100,223,242,1.0
4OFU_Aa_2_-10-1,4OJ9_Aa_2_00-1,223,243,1.0
2PNU_Aa_2_00-1,3L0E_Aa_8_000,103,173,0.9215686274509804
4OKW_Aa_3_0-10,4S14_Aa_10_00-1,259,275,1.0
4OFU_Aa_2_-10-1,4OJ9_Aa_3_100,223,244,1.0
2PNU_Aa_2_00-1,3L3X_Aa_2_010,103,174,1.0
4OKW_Aa_3_0-10,4S14_Aa_12_0-1-1,259,276,1.0
4OKW_Aa_3_0-10,4WLB_Aa_4_-100,259,277,1.0
4OKW_Aa_3_0-10,4Y29_Aa_2_101,259,278,1.0
2PNU_Aa_2_00-1,3L3X_Aa_3_0-10,103,175,1.0
4RZF_Bb_3_0-1-1,4S14_Aa_4_0-10,271,272,1.0
4RZF_Bb_3_0-1-1,4S14_Aa_5_100,271,273,1.0
4RZF_Bb_3_0-1-1,4S14_Aa_7_000,271,274,0.9777777777777777
4RZF_Bb_3_0-1-1,4S14_Aa_10_00-1,271,275,0.9620253164556962
4OKW_Aa_3_0-10,5AVI_Ac_1_000,259,279,0.9747899159663865
2PNU_Aa_2_00-1,3L3Z_Aa_2_010,103,176,1.0
2PNU_Aa_2_00-1,3L3Z_Aa_3_0-10,103,177,1.0
2PNU_Aa_2_00-1,3RLJ_Aa_2_00-1,103,178,1.0
4OKW_Aa_3_0-10,5AVI_Ac_2_1-20,259,280,1.0
4OKW_Aa_3_0-10,5AVI_Ac_3_010,259,281,1.0
5AVI_Cc_7_1-12,5AVL_Aa_4_000,283,284,1.0
4RZF_Bb_3_0-1-1,4WLB_Aa_4_-100,271,277,1.0
4WLB_Aa_4_-100,4Y29_Aa_2_101,277,278,1.0
5AVI_Cc_7_1-12,5AVL_Aa_5_100,283,285,1.0
5AVI_Cc_7_1-12,5AVL_Aa_7_000,283,286,1.0
4RZF_Bb_3_0-1-1,4Y29_Aa_2_101,271,278,1.0
4WLB_Aa_4_-100,5AVI_Ac_3_010,277,281,1.0
5AVI_Cc_7_1-12,5AVL_Aa_16_00-1,283,287,1.0
5C4T_Aa_3_00-1,5C4T_Aa_10_000,289,290,1.0
5AVI_Cc_7_1-12,5C4T_Aa_2_000,283,288,1.0
4RZF_Bb_3_0-1-1,5AVI_Ac_1_000,271,279,0.9051724137931034
5CJ6_Aa_4_-100,5DSH_Aa_4_001,295,297,1.0
5C4T_Aa_3_00-1,5C4T_Aa_11_-100,289,291,1.0
5CJ6_Aa_4_-100,5HJS_Ab_1_000,295,298,1.0
5C4T_Aa_3_00-1,5C4T_Aa_12_010,289,292,1.0
5CJ6_Aa_4_-100,5HJS_Ab_2_-1-10,295,299,0.875
5C4T_Aa_3_00-1,5CJ6_Aa_2_-10-1,289,293,1.0
5CJ6_Aa_4_-100,5HJS_Ab_3_000,295,300,1.0
5AVI_Cc_7_1-12,5C4T_Aa_3_00-1,283,289,1.0
5CJ6_Aa_4_-100,5HJS_Aa_8_001,295,301,1.0
4WLB_Aa_4_-100,5AVI_Cc_7_1-12,277,283,1.0
5C4T_Aa_3_00-1,5CJ6_Aa_4_-100,289,295,1.0
4WLB_Aa_4_-100,5AVL_Aa_4_000,277,284,1.0
5AVI_Cc_7_1-12,5C4T_Aa_10_000,283,290,1.0
4RZF_Bb_3_0-1-1,5AVI_Aa_7_1-12,271,282,1.0
4RZF_Bb_3_0-1-1,5AVI_Cc_7_1-12,271,283,1.0
4RZF_Bb_3_0-1-1,5AVL_Aa_4_000,271,284,1.0
5JJM_Aa_2_-100,5JJM_Ab_2_-100,307,308,1.0
5CJ6_Aa_4_-100,5HJS_Bb_8_001,295,302,1.0
5C4T_Aa_3_00-1,5DSH_Aa_4_001,289,297,1.0
5HJS_Aa_8_001,5HJS_Bb_8_001,301,302,1.0
5JJM_Aa_2_-100,5JJM_Aa_4_-1-10,307,309,1.0
5JJM_Bc_3_000,5JJM_Dd_4_-1-11,313,316,1.0
5AVI_Cc_7_1-12,5C4T_Aa_12_010,283,292,1.0
5JJM_Aa_2_-100,5JJM_Bc_3_000,307,313,1.0
5LWP_Aa_4_000,5LWP_Aa_12_0-10,319,321,1.0
5NTW_Ad_1_000,5T8E_Aa_2_00-1,325,326,1.0
4WLB_Aa_4_-100,5C4T_Aa_12_010,277,292,0.9565217391304348
5NTW_Ad_1_000,5T8E_Aa_3_0-10,325,327,1.0
5HJS_Aa_8_001,5IZ0_Gg_2_0-10,301,305,0.9523809523809523
5C4T_Aa_3_00-1,5HJS_Ab_3_000,289,300,0.9047619047619048
5JJM_Bc_3_000,5LWP_Aa_12_0-10,313,321,0.9230769230769231
4WLB_Aa_4_-100,5HJS_Ab_1_000,277,298,0.8916666666666666
5LWP_Aa_4_000,5T8E_Aa_2_00-1,319,326,1.0
6A22_Cg_2_2-10,6A22_Eg_1_000,343,344,1.0
4WLB_Aa_4_-100,5HJS_Ab_2_-1-10,277,299,1.0
5JJM_Bc_3_000,5NI5_Aa_2_-100,313,322,1.0
5HJS_Aa_8_001,5JJM_Ac_1_000,301,306,1.0
5LWP_Aa_4_000,5T8E_Aa_3_0-10,319,327,1.0
5HJS_Aa_8_001,5JJM_Aa_2_-100,301,307,1.0
5NTW_Ad_1_000,5V8Q_Aa_3_0-10,325,333,1.0
5NTW_Ad_1_000,5V8Q_Aa_4_-100,325,334,1.0
6G07_Bc_1_000,6G07_Bb_2_001,349,350,1.0
5C4T_Aa_3_00-1,5HJS_Bb_8_001,289,302,1.0
5JJM_Bc_3_000,5T8E_Aa_2_00-1,313,326,1.0
5LWP_Aa_4_000,5T8J_Aa_2_00-1,319,329,1.0
5C4T_Aa_3_00-1,5IZ0_Bb_2_0-1-1,289,303,1.0
6G07_Bc_1_000,6G07_Bc_2_001,349,351,1.0
5LWP_Aa_4_000,5T8J_Aa_3_0-10,319,330,1.0
6G07_Bc_1_000,6G07_Bc_2_0-11,349,352,1.0
6JF0_Bb_2_101,6JF0_Bb_3_-1-10,361,362,1.0
6G07_Bc_1_000,6IVX_Aa_2_100,349,353,1.0
5C4T_Aa_3_00-1,5IZ0_Bg_2_0-10,289,304,1.0
5T8J_Aa_4_-100,5VO4_Aa_3_0-10,331,336,1.0
6G07_Bc_1_000,6IVX_Ac_2_100,349,354,1.0
6JF0_Bb_2_101,6KKB_Xx_3_000,361,366,1.0
5LWP_Aa_4_000,5V8Q_Aa_4_-100,319,334,0.9047619047619048
5LWP_Aa_4_000,5VO4_Aa_2_010,319,335,1.0
6JF0_Bb_2_101,6KKB_Xx_8_00-1,361,367,1.0
6JF0_Bb_2_101,6KKE_Aa_2_-10-1,361,368,1.0
6JF0_Bb_2_101,6KKE_Aa_3_-1-10,361,369,1.0
5T8J_Aa_4_-100,6A22_Aa_2_201,331,339,1.0
6JF0_Bb_2_101,6KKE_Aa_8_00-1,361,370,1.0
6KNU_Aa_7_001,6KNV_Aa_2_0-1-1,373,374,1.0
5LWP_Aa_4_000,5VO4_Aa_3_0-10,319,336,1.0
6KNU_Aa_7_001,6KNV_Aa_3_000,373,375,1.0
5NTW_Ad_1_000,5VO4_Aa_3_0-10,325,336,1.0
6KNU_Aa_7_001,6KNV_Aa_8_00-1,373,376,0.8333333333333334
5HJS_Aa_8_001,5JJM_Bc_1_000,301,310,1.0
5NTW_Ad_1_000,6A22_Ac_1_000,325,338,1.0
5HJS_Aa_8_001,5JJM_Bd_1_000,301,311,1.0
5NTW_Ad_1_000,6A22_Aa_2_201,325,339,1.0
6KKB_Xx_8_00-1,6KNV_Aa_3_000,367,375,1.0
6KNU_Aa_7_001,6KNW_Aa_3_000,373,378,1.0
6JF0_Bb_2_101,6R7J_Aa_4_0-1-1,361,385,1.0
6KNU_Aa_7_001,6KNW_Aa_8_00-1,373,379,0.8333333333333334
5LWP_Aa_4_000,6G07_Bc_2_001,319,351,1.0
5T8J_Aa_4_-100,6AN1_Aa_2_000,331,346,1.0
6KNU_Aa_7_001,6L96_Aa_6_-100,373,380,1.0
6KKB_Xx_8_00-1,6KNV_Aa_8_00-1,367,376,0.0
6KNU_Aa_7_001,6NAD_Aa_2_0-10,373,381,1.0
6JF0_Bb_2_101,6S4T_Aa_8_001,361,395,1.0
6KNU_Aa_7_001,6NAD_Aa_3_11-1,373,382,1.0
5LWP_Aa_4_000,6G07_Bc_2_0-11,319,352,0.8461538461538461
6KKB_Xx_8_00-1,6KNW_Aa_2_0-1-1,367,377,1.0
5T8J_Aa_4_-100,6AN1_Aa_3_-1-10,331,347,1.0
5T8J_Aa_4_-100,6AN1_Aa_4_000,331,348,1.0
6KNU_Aa_7_001,6R7J_Aa_2_-100,373,383,1.0
5LWP_Aa_4_000,6JF0_Bb_3_-1-10,319,362,0.8
6KKB_Xx_8_00-1,6S4N_Dd_2_000,367,388,1.0
5LWP_Aa_4_000,6JQ7_Aa_2_010,319,363,1.0
6JF0_Bb_2_101,6SAL_Aa_6_0-10,361,399,1.0
5LWP_Aa_4_000,6JQ7_Aa_3_0-10,319,364,1.0
6KNU_Aa_7_001,6R7J_Aa_3_-1-1-1,373,384,1.0
5LWP_Aa_4_000,6KKB_Xx_2_0-1-1,319,365,0.8823529411764706
6G07_Bc_1_000,6S4N_Ab_1_00-1,349,390,1.0
6JF0_Bb_2_101,6SAL_Aa_10_-1-1-1,361,400,1.0
6KNU_Aa_7_001,6R7J_Aa_4_0-1-1,373,385,1.0
6G07_Bc_1_000,6S4T_Aa_5_000,349,392,0.944954128440367
6G07_Bc_1_000,6S4T_Aa_6_000,349,393,1.0
6JF0_Bb_2_101,6SAL_Aa_11_00-1,361,401,1.0
6JF0_Bb_2_101,6SAL_Aa_12_0-10,361,402,1.0
6JF0_Bb_2_101,6SSQ_Bb_3_0-1-1,361,403,1.0
6JF0_Bb_2_101,6T4G_Aa_2_000,361,404,1.0
6JF0_Bb_2_101,6T4G_Aa_3_00-1,361,405,1.0
6JF0_Bb_2_101,6T4G_Aa_11_00-1,361,406,1.0
6JF0_Bb_2_101,6T4G_Aa_12_0-10,361,407,1.0
6JF0_Bb_2_101,6T4K_Aa_2_000,361,408,1.0
6JF0_Bb_2_101,6T4K_Aa_3_00-1,361,409,1.0
6JF0_Bb_2_101,6T4K_Aa_11_00-1,361,410,1.0
6JF0_Bb_2_101,6T4K_Aa_12_0-10,361,411,1.0
6JF0_Bb_2_101,6T4T_Aa_2_000,361,412,1.0
6JF0_Bb_2_101,6T4T_Aa_3_00-1,361,413,1.0
6KNU_Aa_7_001,6S4N_Da_1_000,373,387,1.0
6KNU_Aa_7_001,6S4N_Dd_2_000,373,388,1.0
6KNU_Aa_7_001,6S4N_Da_2_000,373,389,1.0
6G07_Bc_1_000,6S4T_Aa_8_001,349,395,1.0
6KNU_Aa_7_001,6S4N_Ab_1_00-1,373,390,1.0
6KNU_Aa_7_001,6S4N_Ab_2_-1-10,373,391,1.0
6KNU_Aa_7_001,6S4T_Aa_5_000,373,392,1.0
6KNU_Aa_7_001,6S4T_Aa_6_000,373,393,1.0
6KNU_Aa_7_001,6S4T_Aa_7_001,373,394,1.0
6KNU_Aa_7_001,6S4T_Aa_8_001,373,395,1.0
6KNU_Aa_7_001,6S4U_Cc_6_-110,373,396,1.0
6KNU_Aa_7_001,6SAL_Aa_2_000,373,397,1.0
6KNU_Aa_7_001,6SAL_Aa_3_00-1,373,398,1.0
6KNU_Aa_7_001,6SAL_Aa_6_0-10,373,399,1.0
6KNU_Aa_7_001,6SAL_Aa_10_-1-1-1,373,400,1.0
6KNU_Aa_7_001,6SAL_Aa_11_00-1,373,401,1.0
6KNU_Aa_7_001,6SAL_Aa_12_0-10,373,402,0.9666666666666667
6KNU_Aa_7_001,6SSQ_Bb_3_0-1-1,373,403,1.0
6KNU_Aa_7_001,6T4G_Aa_2_000,373,404,1.0
6KNU_Aa_7_001,6T4G_Aa_3_00-1,373,405,1.0
6KNU_Aa_7_001,6T4G_Aa_11_00-1,373,406,1.0
6KNU_Aa_7_001,6T4G_Aa_12_0-10,373,407,0.9655172413793104
6KNU_Aa_7_001,6T4K_Aa_2_000,373,408,1.0
6KNU_Aa_7_001,6T4K_Aa_3_00-1,373,409,1.0
6KNU_Aa_7_001,6T4K_Aa_11_00-1,373,410,1.0
6KNU_Aa_7_001,6T4K_Aa_12_0-10,373,411,0.9655172413793104
6KNU_Aa_7_001,6T4T_Aa_2_000,373,412,1.0
6KNU_Aa_7_001,6T4T_Aa_3_00-1,373,413,1.0
6KNU_Aa_7_001,6T4T_Aa_11_00-1,373,414,1.0
6KNU_Aa_7_001,6T4T_Aa_12_0-10,373,415,0.962962962962963
6KNU_Aa_7_001,6TLM_Aa_2_000,373,416,1.0
6KNU_Aa_7_001,6TLM_Aa_3_00-1,373,417,1.0
6KNU_Aa_7_001,6TLM_Aa_10_-1-1-1,373,418,1.0
6JF0_Bb_2_101,6TLM_Aa_11_00-1,361,419,1.0
6G07_Bc_1_000,6SAL_Aa_2_000,349,397,0.9791666666666666
6G07_Bc_1_000,6SAL_Aa_3_00-1,349,398,0.9791666666666666
6G07_Bc_1_000,6SAL_Aa_6_0-10,349,399,1.0
6G07_Bc_1_000,6SAL_Aa_10_-1-1-1,349,400,0.9285714285714286
6G07_Bc_1_000,6SAL_Aa_11_00-1,349,401,1.0
6G07_Bc_1_000,6SAL_Aa_12_0-10,349,402,1.0
6G07_Bc_1_000,6SSQ_Bb_3_0-1-1,349,403,1.0
6G07_Bc_1_000,6T4G_Aa_2_000,349,404,1.0
6G07_Bc_1_000,6T4G_Aa_3_00-1,349,405,1.0
6G07_Bc_1_000,6T4G_Aa_11_00-1,349,406,1.0
6G07_Bc_1_000,6T4G_Aa_12_0-10,349,407,1.0
6G07_Bc_1_000,6T4K_Aa_2_000,349,408,1.0
6G07_Bc_1_000,6T4K_Aa_3_00-1,349,409,1.0
6G07_Bc_1_000,6T4K_Aa_11_00-1,349,410,1.0
6G07_Bc_1_000,6T4K_Aa_12_0-10,349,411,1.0
6G07_Bc_1_000,6T4T_Aa_2_000,349,412,0.9787234042553191
6G07_Bc_1_000,6T4T_Aa_3_00-1,349,413,0.9787234042553191
6G07_Bc_1_000,6T4T_Aa_11_00-1,349,414,1.0
6G07_Bc_1_000,6T4T_Aa_12_0-10,349,415,1.0
6G07_Bc_1_000,6TLM_Aa_2_000,349,416,0.9795918367346939
6G07_Bc_1_000,6TLM_Aa_3_00-1,349,417,0.9795918367346939
6G07_Bc_1_000,6TLM_Aa_10_-1-1-1,349,418,0.9285714285714286
6G07_Bc_1_000,6TLM_Aa_11_00-1,349,419,1.0
6KNU_Aa_7_001,7E2O_Ab_1_010,373,421,1.0
6KNU_Aa_7_001,7E2O_Ab_1_000,373,422,1.0
6KNU_Aa_7_001,7E2O_Aa_2_000,373,423,1.0
6KNU_Aa_7_001,7E2O_Aa_3_-1-10,373,424,1.0
6KNU_Aa_7_001,7E2O_Ab_3_-100,373,425,1.0
6KNU_Aa_7_001,7E2O_Aa_4_000,373,426,1.0
6KNU_Aa_7_001,7E2O_Ab_4_000,373,427,1.0
6KNU_Aa_7_001,7E2O_Bb_2_101,373,428,1.0
6KNU_Aa_7_001,7E2O_Bb_3_-1-10,373,429,1.0
6KNU_Aa_7_001,7E3M_Aa_2_-100,373,430,1.0
6G07_Bc_1_000,7E2O_Ab_1_010,349,421,1.0
6G07_Bc_1_000,7E2O_Ab_1_000,349,422,1.0
6G07_Bc_1_000,7E2O_Aa_2_000,349,423,1.0
6G07_Bc_1_000,7E2O_Aa_3_-1-10,349,424,1.0
6G07_Bc_1_000,7E2O_Ab_3_-100,349,425,1.0
6G07_Bc_1_000,7E2O_Aa_4_000,349,426,1.0
6G07_Bc_1_000,7E2O_Ab_4_000,349,427,1.0
6G07_Bc_1_000,7E2O_Bb_2_101,349,428,1.0
6G07_Bc_1_000,7E2O_Bb_3_-1-10,349,429,1.0
6G07_Bc_1_000,7E3M_Aa_2_-100,349,430,1.0
6G07_Bc_1_000,7E3M_Aa_3_-1-1-1,349,431,1.0
6G07_Bc_1_000,7E3M_Aa_4_-1-1-1,349,432,1.0
6G07_Bc_1_000,7KCO_Ab_1_000,349,433,1.0
6G07_Bc_1_000,7KCO_Ab_1_010,349,434,1.0
6G07_Bc_1_000,7KCO_Ab_2_-100,349,435,1.0
6G07_Bc_1_000,7KCO_Aa_3_-1-10,349,436,1.0
6G07_Bc_1_000,7KCO_Ab_3_000,349,437,1.0
6G07_Bc_1_000,7KCO_Ab_3_-100,349,438,1.0
6G07_Bc_1_000,7KCO_Ab_4_000,349,439,1.0
6G07_Bc_1_000,7KCO_Bb_4_-1-10,349,440,1.0
6G07_Bc_1_000,7NEC_Aa_2_000,349,441,0.9787234042553191
6G07_Bc_1_000,7NEC_Aa_3_00-1,349,442,0.9787234042553191
6G07_Bc_1_000,7NEC_Aa_10_-1-1-1,349,443,0.925
6G07_Bc_1_000,7NEC_Aa_11_00-1,349,444,1.0
6G07_Bc_1_000,7NEC_Aa_12_0-10,349,445,1.0
6G07_Bc_1_000,7NP6_Aa_2_000,349,446,0.9787234042553191
6G07_Bc_1_000,7NP6_Aa_3_00-1,349,447,0.9787234042553191
6G07_Bc_1_000,7NP6_Aa_10_11-1,349,448,1.0
6G07_Bc_1_000,7NP6_Aa_11_000,349,449,1.0
6G07_Bc_1_000,7NPC_Aa_2_000,349,450,0.9791666666666666
6G07_Bc_1_000,7NPC_Aa_3_00-1,349,451,0.9791666666666666
6G07_Bc_1_000,7NPC_Aa_10_-1-1-1,349,452,0.9285714285714286
6G07_Bc_1_000,7NPC_Aa_11_00-1,349,453,1.0
6G07_Bc_1_000,7NPC_Aa_12_0-10,349,454,1.0
6G07_Bc_1_000,7ZTV_Aa_2_00-1,349,455,1.0
6G07_Bc_1_000,7ZTV_Aa_3_1-1-1,349,456,1.0
6G07_Bc_1_000,7ZTV_Aa_4_0-10,349,457,1.0
6G07_Bc_1_000,7ZTX_Aa_2_00-1,349,458,1.0
6G07_Bc_1_000,7ZTX_Aa_3_1-1-1,349,459,1.0
6G07_Bc_1_000,7ZTX_Aa_4_-1-10,349,460,1.0
6G07_Bc_1_000,7ZTZ_Aa_2_-10-1,349,461,1.0
6G07_Bc_1_000,7ZTZ_Aa_3_-1-1-1,349,462,1.0
6G07_Bc_1_000,7ZTZ_Aa_4_-100,349,463,1.0
6G07_Bc_1_000,7ZU1_Aa_2_-10-1,349,464,1.0
6G07_Bc_1_000,7ZU1_Aa_3_-1-1-1,349,465,1.0
6G07_Bc_1_000,7ZU1_Aa_4_-100,349,466,1.0
6G07_Bc_1_000,7ZU2_Aa_2_-10-1,349,467,1.0
6G07_Bc_1_000,7ZU2_Aa_3_-1-1-1,349,468,1.0
6G07_Bc_1_000,8C0C_Aa_2_101,349,469,1.0
6G07_Bc_1_000,8C0C_Aa_3_-100,349,470,1.0
6G07_Bc_1_000,8C0C_Aa_4_001,349,471,1.0
6G07_Bc_1_000,8DSY_Aa_2_002,349,472,1.0
6G07_Bc_1_000,8DSY_Aa_3_-1-10,349,473,1.0
6G07_Bc_1_000,8DSY_Aa_4_002,349,474,1.0
6G07_Bc_1_000,8E1A_Aa_2_00-1,349,475,1.0
6G07_Bc_1_000,8E1A_Aa_3_0-10,349,476,1.0
6G07_Bc_1_000,8E1A_Aa_4_-100,349,477,1.0
6G07_Bc_1_000,8FGY_Aa_2_010,349,478,1.0
6G07_Bc_1_000,8FGY_Aa_3_0-10,349,479,1.0
6G07_Bc_1_000,8FGZ_Aa_2_010,349,480,1.0
6G07_Bc_1_000,8FGZ_Aa_3_0-10,349,481,1.0
6G07_Bc_1_000,8FGZ_Aa_4_-100,349,482,1.0
6G07_Bc_1_000,8FH0_Aa_2_00-1,349,483,1.0
6G07_Bc_1_000,8FH0_Aa_3_100,349,484,1.0
6G07_Bc_1_000,8FH0_Aa_4_000,349,485,1.0
6G07_Bc_1_000,8FH1_Aa_2_00-1,349,486,1.0
6G07_Bc_1_000,8FH1_Aa_3_100,349,487,1.0
6G07_Bc_1_000,8FH1_Aa_4_-100,349,488,1.0
6G07_Bc_1_000,8FH2_Aa_2_010,349,489,1.0
6G07_Bc_1_000,8FH2_Aa_3_0-10,349,490,1.0
6G07_Bc_1_000,8FH2_Aa_4_-100,349,491,1.0
6G07_Bc_1_000,8GL7_Aa_2_-1-1-1,349,492,1.0
6G07_Bc_1_000,8GL7_Aa_4_-1-10,349,493,1.0
6G07_Bc_1_000,8U57_Aa_2_-10-1,349,494,1.0
6G07_Bc_1_000,8U57_Aa_3_-1-10,349,495,1.0
6G07_Bc_1_000,8U57_Aa_4_-1-10,349,496,1.0
6G07_Bc_1_000,8U57_Aa_8_000,349,497,1.0
6G07_Bc_1_000,8X7E_Eg_1_000,349,498,1.0
6G07_Bc_1_000,8X7E_Ee_2_0-10,349,499,1.0
6G07_Bc_1_000,8X7E_Gg_2_101,349,500,1.0
6G07_Bb_2_001,6G07_Bc_2_001,350,351,1.0
6G07_Bb_2_001,6G07_Bc_2_0-11,350,352,1.0
6G07_Bb_2_001,6IVX_Aa_2_100,350,353,1.0
6G07_Bb_2_001,6IVX_Ac_2_100,350,354,1.0
6G07_Bb_2_001,6IVX_Ac_2_000,350,355,1.0
6G07_Bb_2_001,6IVX_Ce_1_000,350,356,1.0
6G07_Bb_2_001,6IVX_Ee_2_0-1-1,350,357,1.0
6G07_Bb_2_001,6J3N_Aa_2_0-10,350,358,1.0
6G07_Bb_2_001,6J3N_Aa_3_00-1,350,359,1.0
6G07_Bb_2_001,6J3N_Aa_4_-1-1-1,350,360,1.0
6G07_Bb_2_001,6JF0_Bb_2_101,350,361,1.0
6G07_Bb_2_001,6JF0_Bb_3_-1-10,350,362,1.0
6G07_Bb_2_001,6JQ7_Aa_2_010,350,363,0.967391304347826
6G07_Bb_2_001,6JQ7_Aa_3_0-10,350,364,1.0
6G07_Bb_2_001,6KKB_Xx_2_0-1-1,350,365,1.0
6G07_Bb_2_001,6KKB_Xx_3_000,350,366,1.0
6G07_Bb_2_001,6KKB_Xx_8_00-1,350,367,0.9166666666666666
6G07_Bb_2_001,6KKE_Aa_2_-10-1,350,368,1.0
6G07_Bb_2_001,6KKE_Aa_3_-1-10,350,369,1.0
6G07_Bb_2_001,6KKE_Aa_8_00-1,350,370,0.9166666666666666
6G07_Bb_2_001,6KNU_Aa_2_00-1,350,371,1.0
6G07_Bb_2_001,6KNU_Aa_3_-100,350,372,1.0
6G07_Bb_2_001,6KNU_Aa_7_001,350,373,0.9642857142857143
6G07_Bb_2_001,6KNV_Aa_2_0-1-1,350,374,1.0
6G07_Bb_2_001,6KNV_Aa_3_000,350,375,1.0
6G07_Bb_2_001,6KNV_Aa_8_00-1,350,376,0.9166666666666666
6G07_Bb_2_001,6KNW_Aa_2_0-1-1,350,377,1.0
6G07_Bb_2_001,6KNW_Aa_3_000,350,378,1.0
6G07_Bb_2_001,6KNW_Aa_8_00-1,350,379,0.9166666666666666
6G07_Bb_2_001,6L96_Aa_6_-100,350,380,1.0
6G07_Bb_2_001,6NAD_Aa_2_0-10,350,381,1.0
6G07_Bb_2_001,6NAD_Aa_3_11-1,350,382,1.0
6G07_Bb_2_001,6R7J_Aa_2_-100,350,383,1.0
6G07_Bb_2_001,6R7J_Aa_3_-1-1-1,350,384,1.0
6G07_Bb_2_001,6R7J_Aa_4_0-1-1,350,385,1.0
6G07_Bb_2_001,6S4N_Da_1_100,350,386,1.0
6G07_Bb_2_001,6S4N_Da_1_000,350,387,0.937984496124031
6G07_Bb_2_001,6S4N_Dd_2_000,350,388,1.0
6G07_Bb_2_001,6S4N_Da_2_000,350,389,1.0
6G07_Bb_2_001,6S4N_Ab_1_00-1,350,390,1.0
6G07_Bb_2_001,6S4N_Ab_2_-1-10,350,391,1.0
6G07_Bb_2_001,6S4T_Aa_5_000,350,392,0.923728813559322
6G07_Bb_2_001,6S4T_Aa_6_000,350,393,1.0
6G07_Bb_2_001,6S4T_Aa_7_001,350,394,0.9649122807017544
6G07_Bb_2_001,6S4T_Aa_8_001,350,395,1.0
6G07_Bb_2_001,6S4U_Cc_6_-110,350,396,0.926605504587156
6G07_Bb_2_001,6SAL_Aa_2_000,350,397,1.0
6G07_Bb_2_001,6SAL_Aa_3_00-1,350,398,1.0
6G07_Bb_2_001,6SAL_Aa_6_0-10,350,399,1.0
6G07_Bb_2_001,6SAL_Aa_10_-1-1-1,350,400,0.86
6G07_Bb_2_001,6SAL_Aa_11_00-1,350,401,1.0
6G07_Bb_2_001,6SAL_Aa_12_0-10,350,402,0.9764705882352941
6G07_Bb_2_001,6SSQ_Bb_3_0-1-1,350,403,1.0
6G07_Bb_2_001,6T4G_Aa_2_000,350,404,1.0
6G07_Bb_2_001,6T4G_Aa_3_00-1,350,405,1.0
6G07_Bb_2_001,6T4G_Aa_11_00-1,350,406,1.0
6G07_Bb_2_001,6T4G_Aa_12_0-10,350,407,0.9634146341463414
6G07_Bb_2_001,6T4K_Aa_2_000,350,408,1.0
6G07_Bb_2_001,6T4K_Aa_3_00-1,350,409,1.0
6G07_Bb_2_001,6T4K_Aa_11_00-1,350,410,1.0
6G07_Bb_2_001,6T4K_Aa_12_0-10,350,411,0.9634146341463414
6G07_Bb_2_001,6T4T_Aa_2_000,350,412,1.0
6G07_Bb_2_001,6T4T_Aa_3_00-1,350,413,1.0
6G07_Bb_2_001,6T4T_Aa_11_00-1,350,414,1.0
6G07_Bb_2_001,6T4T_Aa_12_0-10,350,415,0.9746835443037974
6G07_Bb_2_001,6TLM_Aa_2_000,350,416,1.0
6G07_Bb_2_001,6TLM_Aa_3_00-1,350,417,1.0
6G07_Bb_2_001,6TLM_Aa_10_-1-1-1,350,418,0.86
6G07_Bb_2_001,6TLM_Aa_11_00-1,350,419,1.0
6G07_Bb_2_001,6TLM_Aa_12_0-10,350,420,0.9753086419753086
6G07_Bb_2_001,7E2O_Ab_1_010,350,421,1.0
6G07_Bb_2_001,7E2O_Ab_1_000,350,422,0.9732142857142857
6G07_Bb_2_001,7E2O_Aa_2_000,350,423,1.0
6G07_Bb_2_001,7E2O_Aa_3_-1-10,350,424,1.0
6G07_Bb_2_001,7E2O_Ab_3_-100,350,425,1.0
6G07_Bb_2_001,7E2O_Aa_4_000,350,426,1.0
6G07_Bb_2_001,7E2O_Ab_4_000,350,427,1.0
6G07_Bb_2_001,7E2O_Bb_2_101,350,428,1.0
6G07_Bb_2_001,7E2O_Bb_3_-1-10,350,429,1.0
6G07_Bb_2_001,7E3M_Aa_2_-100,350,430,1.0
6G07_Bb_2_001,7E3M_Aa_3_-1-1-1,350,431,1.0
6G07_Bb_2_001,7E3M_Aa_4_-1-1-1,350,432,1.0
6G07_Bb_2_001,7KCO_Ab_1_000,350,433,1.0
6G07_Bb_2_001,7KCO_Ab_1_010,350,434,1.0
6G07_Bb_2_001,7KCO_Ab_2_-100,350,435,1.0
6G07_Bb_2_001,7KCO_Aa_3_-1-10,350,436,1.0
6G07_Bb_2_001,7KCO_Ab_3_000,350,437,1.0
6G07_Bb_2_001,7KCO_Ab_3_-100,350,438,1.0
6G07_Bb_2_001,7KCO_Ab_4_000,350,439,1.0
6G07_Bb_2_001,7KCO_Bb_4_-1-10,350,440,1.0
6G07_Bb_2_001,7NEC_Aa_2_000,350,441,1.0
6G07_Bb_2_001,7NEC_Aa_3_00-1,350,442,1.0
6G07_Bb_2_001,7NEC_Aa_10_-1-1-1,350,443,0.8775510204081632
6G07_Bb_2_001,7NEC_Aa_11_00-1,350,444,1.0
6G07_Bb_2_001,7NEC_Aa_12_0-10,350,445,0.9746835443037974
6G07_Bb_2_001,7NP6_Aa_2_000,350,446,1.0
6G07_Bb_2_001,7NP6_Aa_3_00-1,350,447,1.0
6G07_Bb_2_001,7NP6_Aa_10_11-1,350,448,0.9753086419753086
6G07_Bb_2_001,7NP6_Aa_11_000,350,449,1.0
6G07_Bb_2_001,7NPC_Aa_2_000,350,450,1.0
6G07_Bb_2_001,7NPC_Aa_3_00-1,350,451,1.0
6G07_Bb_2_001,7NPC_Aa_10_-1-1-1,350,452,0.86
6G07_Bb_2_001,7NPC_Aa_11_00-1,350,453,1.0
6G07_Bb_2_001,7NPC_Aa_12_0-10,350,454,0.9759036144578314
6G07_Bb_2_001,7ZTV_Aa_2_00-1,350,455,1.0
6G07_Bb_2_001,7ZTV_Aa_3_1-1-1,350,456,1.0
6G07_Bb_2_001,7ZTV_Aa_4_0-10,350,457,1.0
6G07_Bb_2_001,7ZTX_Aa_2_00-1,350,458,1.0
6G07_Bb_2_001,7ZTX_Aa_3_1-1-1,350,459,1.0
6G07_Bb_2_001,7ZTX_Aa_4_-1-10,350,460,1.0
6G07_Bb_2_001,7ZTZ_Aa_2_-10-1,350,461,1.0
6G07_Bb_2_001,7ZTZ_Aa_3_-1-1-1,350,462,1.0
6G07_Bb_2_001,7ZTZ_Aa_4_-100,350,463,1.0
6G07_Bb_2_001,7ZU1_Aa_2_-10-1,350,464,1.0
6G07_Bb_2_001,7ZU1_Aa_3_-1-1-1,350,465,1.0
6G07_Bb_2_001,7ZU1_Aa_4_-100,350,466,1.0
6G07_Bb_2_001,7ZU2_Aa_2_-10-1,350,467,1.0
6G07_Bb_2_001,7ZU2_Aa_3_-1-1-1,350,468,1.0
6G07_Bb_2_001,8C0C_Aa_2_101,350,469,1.0
6G07_Bb_2_001,8C0C_Aa_3_-100,350,470,1.0
6G07_Bb_2_001,8C0C_Aa_4_001,350,471,1.0
6G07_Bb_2_001,8DSY_Aa_2_002,350,472,1.0
6G07_Bb_2_001,8DSY_Aa_3_-1-10,350,473,1.0
6G07_Bb_2_001,8DSY_Aa_4_002,350,474,1.0
6G07_Bb_2_001,8E1A_Aa_2_00-1,350,475,1.0
6G07_Bb_2_001,8E1A_Aa_3_0-10,350,476,1.0
6G07_Bb_2_001,8E1A_Aa_4_-100,350,477,1.0
6G07_Bb_2_001,8FGY_Aa_2_010,350,478,1.0
6G07_Bb_2_001,8FGY_Aa_3_0-10,350,479,1.0
6G07_Bb_2_001,8FGZ_Aa_2_010,350,480,1.0
6G07_Bb_2_001,8FGZ_Aa_3_0-10,350,481,1.0
6G07_Bb_2_001,8FGZ_Aa_4_-100,350,482,1.0
6G07_Bb_2_001,8FH0_Aa_2_00-1,350,483,1.0
6G07_Bb_2_001,8FH0_Aa_3_100,350,484,1.0
6G07_Bb_2_001,8FH0_Aa_4_000,350,485,1.0
6G07_Bb_2_001,8FH1_Aa_2_00-1,350,486,1.0
6G07_Bb_2_001,8FH1_Aa_3_100,350,487,1.0
6G07_Bb_2_001,8FH1_Aa_4_-100,350,488,1.0
6G07_Bb_2_001,8FH2_Aa_2_010,350,489,1.0
6G07_Bb_2_001,8FH2_Aa_3_0-10,350,490,1.0
6G07_Bb_2_001,8FH2_Aa_4_-100,350,491,1.0
6G07_Bb_2_001,8GL7_Aa_2_-1-1-1,350,492,1.0
6G07_Bb_2_001,8GL7_Aa_4_-1-10,350,493,1.0
6G07_Bb_2_001,8U57_Aa_2_-10-1,350,494,1.0
6G07_Bb_2_001,8U57_Aa_3_-1-10,350,495,1.0
6G07_Bb_2_001,8U57_Aa_4_-1-10,350,496,1.0
6G07_Bb_2_001,8U57_Aa_8_000,350,497,0.9682539682539683
6G07_Bb_2_001,8X7E_Eg_1_000,350,498,1.0
6G07_Bb_2_001,8X7E_Ee_2_0-10,350,499,1.0
6G07_Bb_2_001,8X7E_Gg_2_101,350,500,1.0
6G07_Bc_2_001,6G07_Bc_2_0-11,351,352,1.0
6G07_Bc_2_001,6IVX_Aa_2_100,351,353,1.0
6G07_Bc_2_001,6IVX_Ac_2_100,351,354,1.0
6G07_Bc_2_001,6IVX_Ac_2_000,351,355,1.0
6G07_Bc_2_001,6IVX_Ce_1_000,351,356,1.0
6G07_Bc_2_001,6IVX_Ee_2_0-1-1,351,357,1.0
6G07_Bc_2_001,6J3N_Aa_2_0-10,351,358,1.0
6G07_Bc_2_001,6J3N_Aa_3_00-1,351,359,1.0
6G07_Bc_2_001,6J3N_Aa_4_-1-1-1,351,360,1.0
6G07_Bc_2_001,6JF0_Bb_2_101,351,361,1.0
6G07_Bc_2_001,6JF0_Bb_3_-1-10,351,362,1.0
6G07_Bc_2_001,6JQ7_Aa_2_010,351,363,1.0
6G07_Bc_2_001,6JQ7_Aa_3_0-10,351,364,1.0
6G07_Bc_2_001,6KKB_Xx_2_0-1-1,351,365,1.0
6G07_Bc_2_001,6KKB_Xx_3_000,351,366,1.0
6G07_Bc_2_001,6KKB_Xx_8_00-1,351,367,1.0
6G07_Bc_2_001,6KKE_Aa_2_-10-1,351,368,1.0
6G07_Bc_2_001,6KKE_Aa_3_-1-10,351,369,1.0
6G07_Bc_2_001,6KKE_Aa_8_00-1,351,370,1.0
6G07_Bc_2_001,6KNU_Aa_2_00-1,351,371,1.0
6G07_Bc_2_001,6KNU_Aa_3_-100,351,372,1.0
6G07_Bc_2_001,6KNU_Aa_7_001,351,373,1.0
6G07_Bc_2_001,6KNV_Aa_2_0-1-1,351,374,1.0
6G07_Bc_2_001,6KNV_Aa_3_000,351,375,1.0
6G07_Bc_2_001,6KNV_Aa_8_00-1,351,376,1.0
6G07_Bc_2_001,6KNW_Aa_2_0-1-1,351,377,1.0
6G07_Bc_2_001,6KNW_Aa_3_000,351,378,1.0
6G07_Bc_2_001,6KNW_Aa_8_00-1,351,379,1.0
6G07_Bc_2_001,6L96_Aa_6_-100,351,380,1.0
6G07_Bc_2_001,6NAD_Aa_2_0-10,351,381,1.0
6G07_Bc_2_001,6NAD_Aa_3_11-1,351,382,1.0
6G07_Bc_2_001,6R7J_Aa_2_-100,351,383,1.0
6G07_Bc_2_001,6R7J_Aa_3_-1-1-1,351,384,1.0
6G07_Bc_2_001,6R7J_Aa_4_0-1-1,351,385,1.0
6G07_Bc_2_001,6S4N_Da_1_100,351,386,1.0
6G07_Bc_2_001,6S4N_Da_1_000,351,387,1.0
6G07_Bc_2_001,6S4N_Dd_2_000,351,388,1.0
6G07_Bc_2_001,6S4N_Da_2_000,351,389,1.0
6G07_Bc_2_001,6S4N_Ab_1_00-1,351,390,1.0
6G07_Bc_2_001,6S4N_Ab_2_-1-10,351,391,1.0
6G07_Bc_2_001,6S4T_Aa_5_000,351,392,1.0
6G07_Bc_2_001,6S4T_Aa_6_000,351,393,1.0
6G07_Bc_2_001,6S4T_Aa_7_001,351,394,1.0
6G07_Bc_2_001,6S4T_Aa_8_001,351,395,1.0
6G07_Bc_2_001,6S4U_Cc_6_-110,351,396,1.0
6G07_Bc_2_001,6SAL_Aa_2_000,351,397,1.0
6G07_Bc_2_001,6SAL_Aa_3_00-1,351,398,1.0
6G07_Bc_2_001,6SAL_Aa_6_0-10,351,399,1.0
6G07_Bc_2_001,6SAL_Aa_10_-1-1-1,351,400,1.0
6G07_Bc_2_001,6SAL_Aa_11_00-1,351,401,1.0
6G07_Bc_2_001,6SAL_Aa_12_0-10,351,402,1.0
6G07_Bc_2_001,6SSQ_Bb_3_0-1-1,351,403,1.0
6G07_Bc_2_001,6T4G_Aa_2_000,351,404,1.0
6G07_Bc_2_001,6T4G_Aa_3_00-1,351,405,1.0
6G07_Bc_2_001,6T4G_Aa_11_00-1,351,406,1.0
6G07_Bc_2_001,6T4G_Aa_12_0-10,351,407,1.0
6G07_Bc_2_001,6T4K_Aa_2_000,351,408,1.0
6G07_Bc_2_001,6T4K_Aa_3_00-1,351,409,1.0
6G07_Bc_2_001,6T4K_Aa_11_00-1,351,410,1.0
6G07_Bc_2_001,6T4K_Aa_12_0-10,351,411,1.0
6G07_Bc_2_001,6T4T_Aa_2_000,351,412,1.0
6G07_Bc_2_001,6T4T_Aa_3_00-1,351,413,1.0
6G07_Bc_2_001,6T4T_Aa_11_00-1,351,414,1.0
6G07_Bc_2_001,6T4T_Aa_12_0-10,351,415,1.0
6G07_Bc_2_001,6TLM_Aa_2_000,351,416,1.0
6G07_Bc_2_001,6TLM_Aa_3_00-1,351,417,1.0
6G07_Bc_2_001,6TLM_Aa_10_-1-1-1,351,418,1.0
6G07_Bc_2_001,6TLM_Aa_11_00-1,351,419,1.0
6G07_Bc_2_001,6TLM_Aa_12_0-10,351,420,1.0
6G07_Bc_2_001,7E2O_Ab_1_010,351,421,1.0
6G07_Bc_2_001,7E2O_Ab_1_000,351,422,1.0
6G07_Bc_2_001,7E2O_Aa_2_000,351,423,1.0
6G07_Bc_2_001,7E2O_Aa_3_-1-10,351,424,1.0
6G07_Bc_2_001,7E2O_Ab_3_-100,351,425,1.0
6G07_Bc_2_001,7E2O_Aa_4_000,351,426,1.0
6G07_Bc_2_001,7E2O_Ab_4_000,351,427,1.0
6G07_Bc_2_001,7E2O_Bb_2_101,351,428,1.0
6G07_Bc_2_001,7E2O_Bb_3_-1-10,351,429,1.0
6G07_Bc_2_001,7E3M_Aa_2_-100,351,430,1.0
6G07_Bc_2_001,7E3M_Aa_3_-1-1-1,351,431,1.0
6G07_Bc_2_001,7E3M_Aa_4_-1-1-1,351,432,1.0
6G07_Bc_2_001,7KCO_Ab_1_000,351,433,1.0
6G07_Bc_2_001,7KCO_Ab_1_010,351,434,1.0
6G07_Bc_2_001,7KCO_Ab_2_-100,351,435,1.0
6G07_Bc_2_001,7KCO_Aa_3_-1-10,351,436,1.0
6G07_Bc_2_001,7KCO_Ab_3_000,351,437,1.0
6G07_Bc_2_001,7KCO_Ab_3_-100,351,438,1.0
6G07_Bc_2_001,7KCO_Ab_4_000,351,439,1.0
6G07_Bc_2_001,7KCO_Bb_4_-1-10,351,440,1.0
6G07_Bc_2_001,7NEC_Aa_2_000,351,441,1.0
6G07_Bc_2_001,7NEC_Aa_3_00-1,351,442,1.0
6G07_Bc_2_001,7NEC_Aa_10_-1-1-1,351,443,1.0
6G07_Bc_2_001,7NEC_Aa_11_00-1,351,444,1.0
6G07_Bc_2_001,7NEC_Aa_12_0-10,351,445,1.0
6G07_Bc_2_001,7NP6_Aa_2_000,351,446,1.0
6G07_Bc_2_001,7NP6_Aa_3_00-1,351,447,1.0
6G07_Bc_2_001,7NP6_Aa_10_11-1,351,448,1.0
6G07_Bc_2_001,7NP6_Aa_11_000,351,449,1.0
6G07_Bc_2_001,7NPC_Aa_2_000,351,450,1.0
6G07_Bc_2_001,7NPC_Aa_3_00-1,351,451,1.0
6G07_Bc_2_001,7NPC_Aa_10_-1-1-1,351,452,1.0
6G07_Bc_2_001,7NPC_Aa_11_00-1,351,453,1.0
6G07_Bc_2_001,7NPC_Aa_12_0-10,351,454,1.0
6G07_Bc_2_001,7ZTV_Aa_2_00-1,351,455,1.0
6G07_Bc_2_001,7ZTV_Aa_3_1-1-1,351,456,1.0
6G07_Bc_2_001,7ZTV_Aa_4_0-10,351,457,1.0
6G07_Bc_2_001,7ZTX_Aa_2_00-1,351,458,1.0
6G07_Bc_2_001,7ZTX_Aa_3_1-1-1,351,459,1.0
6G07_Bc_2_001,7ZTX_Aa_4_-1-10,351,460,1.0
6G07_Bc_2_001,7ZTZ_Aa_2_-10-1,351,461,1.0
6G07_Bc_2_001,7ZTZ_Aa_3_-1-1-1,351,462,1.0
6G07_Bc_2_001,7ZTZ_Aa_4_-100,351,463,1.0
6G07_Bc_2_001,7ZU1_Aa_2_-10-1,351,464,1.0
6G07_Bc_2_001,7ZU1_Aa_3_-1-1-1,351,465,1.0
6G07_Bc_2_001,7ZU1_Aa_4_-100,351,466,1.0
6G07_Bc_2_001,7ZU2_Aa_2_-10-1,351,467,1.0
6G07_Bc_2_001,7ZU2_Aa_3_-1-1-1,351,468,1.0
6G07_Bc_2_001,8C0C_Aa_2_101,351,469,1.0
6G07_Bc_2_001,8C0C_Aa_3_-100,351,470,1.0
6G07_Bc_2_001,8C0C_Aa_4_001,351,471,1.0
6G07_Bc_2_001,8DSY_Aa_2_002,351,472,1.0
6G07_Bc_2_001,8DSY_Aa_3_-1-10,351,473,1.0
6G07_Bc_2_001,8DSY_Aa_4_002,351,474,1.0
6G07_Bc_2_001,8E1A_Aa_2_00-1,351,475,1.0
6G07_Bc_2_001,8E1A_Aa_3_0-10,351,476,1.0
6G07_Bc_2_001,8E1A_Aa_4_-100,351,477,1.0
6G07_Bc_2_001,8FGY_Aa_2_010,351,478,1.0
6G07_Bc_2_001,8FGY_Aa_3_0-10,351,479,1.0
6G07_Bc_2_001,8FGZ_Aa_2_010,351,480,1.0
6G07_Bc_2_001,8FGZ_Aa_3_0-10,351,481,1.0
6G07_Bc_2_001,8FGZ_Aa_4_-100,351,482,1.0
6G07_Bc_2_001,8FH0_Aa_2_00-1,351,483,1.0
6G07_Bc_2_001,8FH0_Aa_3_100,351,484,1.0
6G07_Bc_2_001,8FH0_Aa_4_000,351,485,1.0
6G07_Bc_2_001,8FH1_Aa_2_00-1,351,486,1.0
6G07_Bc_2_001,8FH1_Aa_3_100,351,487,1.0
6G07_Bc_2_001,8FH1_Aa_4_-100,351,488,1.0
6G07_Bc_2_001,8FH2_Aa_2_010,351,489,1.0
6G07_Bc_2_001,8FH2_Aa_3_0-10,351,490,1.0
6G07_Bc_2_001,8FH2_Aa_4_-100,351,491,1.0
6G07_Bc_2_001,8GL7_Aa_2_-1-1-1,351,492,1.0
6G07_Bc_2_001,8GL7_Aa_4_-1-10,351,493,1.0
6G07_Bc_2_001,8U57_Aa_2_-10-1,351,494,1.0
6G07_Bc_2_001,8U57_Aa_3_-1-10,351,495,1.0
6G07_Bc_2_001,8U57_Aa_4_-1-10,351,496,1.0
6G07_Bc_2_001,8U57_Aa_8_000,351,497,1.0
6G07_Bc_2_001,8X7E_Eg_1_000,351,498,1.0
6G07_Bc_2_001,8X7E_Ee_2_0-10,351,499,1.0
6G07_Bc_2_001,8X7E_Gg_2_101,351,500,1.0
6G07_Bc_2_0-11,6IVX_Aa_2_100,352,353,1.0
6G07_Bc_2_0-11,6IVX_Ac_2_100,352,354,1.0
6G07_Bc_2_0-11,6IVX_Ac_2_000,352,355,1.0
6G07_Bc_2_0-11,6IVX_Ce_1_000,352,356,1.0
6G07_Bc_2_0-11,6IVX_Ee_2_0-1-1,352,357,1.0
6G07_Bc_2_0-11,6J3N_Aa_2_0-10,352,358,1.0
6G07_Bc_2_0-11,6J3N_Aa_3_00-1,352,359,1.0
6G07_Bc_2_0-11,6J3N_Aa_4_-1-1-1,352,360,1.0
6G07_Bc_2_0-11,6JF0_Bb_2_101,352,361,1.0
6G07_Bc_2_0-11,6JF0_Bb_3_-1-10,352,362,1.0
6G07_Bc_2_0-11,6JQ7_Aa_2_010,352,363,1.0
6G07_Bc_2_0-11,6JQ7_Aa_3_0-10,352,364,1.0
6G07_Bc_2_0-11,6KKB_Xx_2_0-1-1,352,365,1.0
6G07_Bc_2_0-11,6KKB_Xx_3_000,352,366,1.0
6G07_Bc_2_0-11,6KKB_Xx_8_00-1,352,367,1.0
6G07_Bc_2_0-11,6KKE_Aa_2_-10-1,352,368,1.0
6G07_Bc_2_0-11,6KKE_Aa_3_-1-10,352,369,1.0
6G07_Bc_2_0-11,6KKE_Aa_8_00-1,352,370,1.0
6G07_Bc_2_0-11,6KNU_Aa_2_00-1,352,371,1.0
6G07_Bc_2_0-11,6KNU_Aa_3_-100,352,372,1.0
6G07_Bc_2_0-11,6KNU_Aa_7_001,352,373,1.0
6G07_Bc_2_0-11,6KNV_Aa_2_0-1-1,352,374,1.0
6G07_Bc_2_0-11,6KNV_Aa_3_000,352,375,1.0
6G07_Bc_2_0-11,6KNV_Aa_8_00-1,352,376,1.0
6G07_Bc_2_0-11,6KNW_Aa_2_0-1-1,352,377,1.0
6G07_Bc_2_0-11,6KNW_Aa_3_000,352,378,1.0
6G07_Bc_2_0-11,6KNW_Aa_8_00-1,352,379,1.0
6G07_Bc_2_0-11,6L96_Aa_6_-100,352,380,1.0
6G07_Bc_2_0-11,6NAD_Aa_2_0-10,352,381,1.0
6G07_Bc_2_0-11,6NAD_Aa_3_11-1,352,382,1.0
6G07_Bc_2_0-11,6R7J_Aa_2_-100,352,383,1.0
6G07_Bc_2_0-11,6R7J_Aa_3_-1-1-1,352,384,1.0
6G07_Bc_2_0-11,6R7J_Aa_4_0-1-1,352,385,1.0
6G07_Bc_2_0-11,6S4N_Da_1_100,352,386,1.0
6G07_Bc_2_0-11,6S4N_Da_1_000,352,387,0.9823008849557522
6G07_Bc_2_0-11,6S4N_Dd_2_000,352,388,1.0
6G07_Bc_2_0-11,6S4N_Da_2_000,352,389,1.0
6G07_Bc_2_0-11,6S4N_Ab_1_00-1,352,390,1.0
6G07_Bc_2_0-11,6S4N_Ab_2_-1-10,352,391,1.0
6G07_Bc_2_0-11,6S4T_Aa_5_000,352,392,0.9903846153846154
6G07_Bc_2_0-11,6S4T_Aa_6_000,352,393,1.0
6G07_Bc_2_0-11,6S4T_Aa_7_001,352,394,1.0
6G07_Bc_2_0-11,6S4T_Aa_8_001,352,395,1.0
6G07_Bc_2_0-11,6S4U_Cc_6_-110,352,396,0.9893617021276596
6G07_Bc_2_0-11,6SAL_Aa_2_000,352,397,1.0
6G07_Bc_2_0-11,6SAL_Aa_3_00-1,352,398,1.0
6G07_Bc_2_0-11,6SAL_Aa_6_0-10,352,399,1.0
6G07_Bc_2_0-11,6SAL_Aa_10_-1-1-1,352,400,1.0
6G07_Bc_2_0-11,6SAL_Aa_11_00-1,352,401,1.0
6G07_Bc_2_0-11,6SAL_Aa_12_0-10,352,402,1.0
6G07_Bc_2_0-11,6SSQ_Bb_3_0-1-1,352,403,1.0
6G07_Bc_2_0-11,6T4G_Aa_2_000,352,404,1.0
6G07_Bc_2_0-11,6T4G_Aa_3_00-1,352,405,1.0
6G07_Bc_2_0-11,6T4G_Aa_11_00-1,352,406,1.0
6G07_Bc_2_0-11,6T4G_Aa_12_0-10,352,407,1.0
6G07_Bc_2_0-11,6T4K_Aa_2_000,352,408,1.0
6G07_Bc_2_0-11,6T4K_Aa_3_00-1,352,409,1.0
6G07_Bc_2_0-11,6T4K_Aa_11_00-1,352,410,1.0
6G07_Bc_2_0-11,6T4K_Aa_12_0-10,352,411,1.0
6G07_Bc_2_0-11,6T4T_Aa_2_000,352,412,1.0
6G07_Bc_2_0-11,6T4T_Aa_3_00-1,352,413,1.0
6G07_Bc_2_0-11,6T4T_Aa_11_00-1,352,414,1.0
6G07_Bc_2_0-11,6T4T_Aa_12_0-10,352,415,1.0
6G07_Bc_2_0-11,6TLM_Aa_2_000,352,416,1.0
6G07_Bc_2_0-11,6TLM_Aa_3_00-1,352,417,1.0
6G07_Bc_2_0-11,6TLM_Aa_10_-1-1-1,352,418,1.0
6G07_Bc_2_0-11,6TLM_Aa_11_00-1,352,419,1.0
6G07_Bc_2_0-11,6TLM_Aa_12_0-10,352,420,1.0
6G07_Bc_2_0-11,7E2O_Ab_1_010,352,421,1.0
6G07_Bc_2_0-11,7E2O_Ab_1_000,352,422,1.0
6G07_Bc_2_0-11,7E2O_Aa_2_000,352,423,1.0
6G07_Bc_2_0-11,7E2O_Aa_3_-1-10,352,424,1.0
6G07_Bc_2_0-11,7E2O_Ab_3_-100,352,425,1.0
6G07_Bc_2_0-11,7E2O_Aa_4_000,352,426,1.0
6G07_Bc_2_0-11,7E2O_Ab_4_000,352,427,1.0
6G07_Bc_2_0-11,7E2O_Bb_2_101,352,428,1.0
6G07_Bc_2_0-11,7E2O_Bb_3_-1-10,352,429,1.0
6G07_Bc_2_0-11,7E3M_Aa_2_-100,352,430,1.0
6G07_Bc_2_0-11,7E3M_Aa_3_-1-1-1,352,431,1.0
6G07_Bc_2_0-11,7E3M_Aa_4_-1-1-1,352,432,1.0
6G07_Bc_2_0-11,7KCO_Ab_1_000,352,433,1.0
6G07_Bc_2_0-11,7KCO_Ab_1_010,352,434,0.9642857142857143
6G07_Bc_2_0-11,7KCO_Ab_2_-100,352,435,1.0
6G07_Bc_2_0-11,7KCO_Aa_3_-1-10,352,436,1.0
6G07_Bc_2_0-11,7KCO_Ab_3_000,352,437,1.0
6G07_Bc_2_0-11,7KCO_Ab_3_-100,352,438,1.0
6G07_Bc_2_0-11,7KCO_Ab_4_000,352,439,1.0
6G07_Bc_2_0-11,7KCO_Bb_4_-1-10,352,440,1.0
6G07_Bc_2_0-11,7NEC_Aa_2_000,352,441,1.0
6G07_Bc_2_0-11,7NEC_Aa_3_00-1,352,442,1.0
6G07_Bc_2_0-11,7NEC_Aa_10_-1-1-1,352,443,1.0
6G07_Bc_2_0-11,7NEC_Aa_11_00-1,352,444,1.0
6G07_Bc_2_0-11,7NEC_Aa_12_0-10,352,445,1.0
6G07_Bc_2_0-11,7NP6_Aa_2_000,352,446,1.0
6G07_Bc_2_0-11,7NP6_Aa_3_00-1,352,447,1.0
6G07_Bc_2_0-11,7NP6_Aa_10_11-1,352,448,1.0
6G07_Bc_2_0-11,7NP6_Aa_11_000,352,449,1.0
6G07_Bc_2_0-11,7NPC_Aa_2_000,352,450,1.0
6G07_Bc_2_0-11,7NPC_Aa_3_00-1,352,451,1.0
6G07_Bc_2_0-11,7NPC_Aa_10_-1-1-1,352,452,1.0
6G07_Bc_2_0-11,7NPC_Aa_11_00-1,352,453,1.0
6G07_Bc_2_0-11,7NPC_Aa_12_0-10,352,454,1.0
6G07_Bc_2_0-11,7ZTV_Aa_2_00-1,352,455,1.0
6G07_Bc_2_0-11,7ZTV_Aa_3_1-1-1,352,456,1.0
6G07_Bc_2_0-11,7ZTV_Aa_4_0-10,352,457,1.0
6G07_Bc_2_0-11,7ZTX_Aa_2_00-1,352,458,1.0
6G07_Bc_2_0-11,7ZTX_Aa_3_1-1-1,352,459,1.0
6G07_Bc_2_0-11,7ZTX_Aa_4_-1-10,352,460,1.0
6G07_Bc_2_0-11,7ZTZ_Aa_2_-10-1,352,461,1.0
6G07_Bc_2_0-11,7ZTZ_Aa_3_-1-1-1,352,462,1.0
6G07_Bc_2_0-11,7ZTZ_Aa_4_-100,352,463,1.0
6G07_Bc_2_0-11,7ZU1_Aa_2_-10-1,352,464,1.0
6G07_Bc_2_0-11,7ZU1_Aa_3_-1-1-1,352,465,1.0
6G07_Bc_2_0-11,7ZU1_Aa_4_-100,352,466,1.0
6G07_Bc_2_0-11,7ZU2_Aa_2_-10-1,352,467,1.0
6G07_Bc_2_0-11,7ZU2_Aa_3_-1-1-1,352,468,1.0
6G07_Bc_2_0-11,8C0C_Aa_2_101,352,469,1.0
6G07_Bc_2_0-11,8C0C_Aa_3_-100,352,470,1.0
6G07_Bc_2_0-11,8C0C_Aa_4_001,352,471,1.0
6G07_Bc_2_0-11,8DSY_Aa_2_002,352,472,1.0
6G07_Bc_2_0-11,8DSY_Aa_3_-1-10,352,473,1.0
6G07_Bc_2_0-11,8DSY_Aa_4_002,352,474,1.0
6G07_Bc_2_0-11,8E1A_Aa_2_00-1,352,475,1.0
6G07_Bc_2_0-11,8E1A_Aa_3_0-10,352,476,1.0
6G07_Bc_2_0-11,8E1A_Aa_4_-100,352,477,1.0
6G07_Bc_2_0-11,8FGY_Aa_2_010,352,478,1.0
6G07_Bc_2_0-11,8FGY_Aa_3_0-10,352,479,1.0
6G07_Bc_2_0-11,8FGZ_Aa_2_010,352,480,1.0
6G07_Bc_2_0-11,8FGZ_Aa_3_0-10,352,481,1.0
6G07_Bc_2_0-11,8FGZ_Aa_4_-100,352,482,1.0
6G07_Bc_2_0-11,8FH0_Aa_2_00-1,352,483,1.0
6G07_Bc_2_0-11,8FH0_Aa_3_100,352,484,1.0
6G07_Bc_2_0-11,8FH0_Aa_4_000,352,485,1.0
6G07_Bc_2_0-11,8FH1_Aa_2_00-1,352,486,1.0
6G07_Bc_2_0-11,8FH1_Aa_3_100,352,487,1.0
6G07_Bc_2_0-11,8FH1_Aa_4_-100,352,488,1.0
6G07_Bc_2_0-11,8FH2_Aa_2_010,352,489,1.0
6G07_Bc_2_0-11,8FH2_Aa_3_0-10,352,490,1.0
6G07_Bc_2_0-11,8FH2_Aa_4_-100,352,491,1.0
6G07_Bc_2_0-11,8GL7_Aa_2_-1-1-1,352,492,1.0
6G07_Bc_2_0-11,8GL7_Aa_4_-1-10,352,493,1.0
6G07_Bc_2_0-11,8U57_Aa_2_-10-1,352,494,1.0
6G07_Bc_2_0-11,8U57_Aa_3_-1-10,352,495,1.0
6G07_Bc_2_0-11,8U57_Aa_4_-1-10,352,496,1.0
6G07_Bc_2_0-11,8U57_Aa_8_000,352,497,1.0
6G07_Bc_2_0-11,8X7E_Eg_1_000,352,498,1.0
6G07_Bc_2_0-11,8X7E_Ee_2_0-10,352,499,1.0
6G07_Bc_2_0-11,8X7E_Gg_2_101,352,500,1.0
6IVX_Aa_2_100,6IVX_Ac_2_100,353,354,1.0
6IVX_Aa_2_100,6IVX_Ac_2_000,353,355,1.0
6IVX_Aa_2_100,6IVX_Ce_1_000,353,356,1.0
6IVX_Aa_2_100,6IVX_Ee_2_0-1-1,353,357,1.0
6IVX_Aa_2_100,6J3N_Aa_2_0-10,353,358,1.0
6IVX_Aa_2_100,6J3N_Aa_3_00-1,353,359,1.0
6IVX_Aa_2_100,6J3N_Aa_4_-1-1-1,353,360,1.0
6IVX_Aa_2_100,6JF0_Bb_2_101,353,361,1.0
6IVX_Aa_2_100,6JF0_Bb_3_-1-10,353,362,1.0
6IVX_Aa_2_100,6JQ7_Aa_2_010,353,363,1.0
6IVX_Aa_2_100,6JQ7_Aa_3_0-10,353,364,1.0
6IVX_Aa_2_100,6KKB_Xx_2_0-1-1,353,365,1.0
6IVX_Aa_2_100,6KKB_Xx_3_000,353,366,1.0
6IVX_Aa_2_100,6KKB_Xx_8_00-1,353,367,1.0
6IVX_Aa_2_100,6KKE_Aa_2_-10-1,353,368,1.0
6IVX_Aa_2_100,6KKE_Aa_3_-1-10,353,369,1.0
6IVX_Aa_2_100,6KKE_Aa_8_00-1,353,370,1.0
6IVX_Aa_2_100,6KNU_Aa_2_00-1,353,371,1.0
6IVX_Aa_2_100,6KNU_Aa_3_-100,353,372,1.0
6IVX_Aa_2_100,6KNU_Aa_7_001,353,373,1.0
6IVX_Aa_2_100,6KNV_Aa_2_0-1-1,353,374,1.0
6IVX_Aa_2_100,6KNV_Aa_3_000,353,375,1.0
6IVX_Aa_2_100,6KNV_Aa_8_00-1,353,376,1.0
6IVX_Aa_2_100,6KNW_Aa_2_0-1-1,353,377,1.0
6IVX_Aa_2_100,6KNW_Aa_3_000,353,378,1.0
6IVX_Aa_2_100,6KNW_Aa_8_00-1,353,379,1.0
6IVX_Aa_2_100,6L96_Aa_6_-100,353,380,1.0
6IVX_Aa_2_100,6NAD_Aa_2_0-10,353,381,1.0
6IVX_Aa_2_100,6NAD_Aa_3_11-1,353,382,1.0
6IVX_Aa_2_100,6R7J_Aa_2_-100,353,383,1.0
6IVX_Aa_2_100,6R7J_Aa_3_-1-1-1,353,384,1.0
6IVX_Aa_2_100,6R7J_Aa_4_0-1-1,353,385,1.0
6IVX_Aa_2_100,6S4N_Da_1_100,353,386,1.0
6IVX_Aa_2_100,6S4N_Da_1_000,353,387,1.0
6IVX_Aa_2_100,6S4N_Dd_2_000,353,388,1.0
6IVX_Aa_2_100,6S4N_Da_2_000,353,389,1.0
6IVX_Aa_2_100,6S4N_Ab_1_00-1,353,390,1.0
6IVX_Aa_2_100,6S4N_Ab_2_-1-10,353,391,1.0
6IVX_Aa_2_100,6S4T_Aa_5_000,353,392,1.0
6IVX_Aa_2_100,6S4T_Aa_6_000,353,393,1.0
6IVX_Aa_2_100,6S4T_Aa_7_001,353,394,1.0
6IVX_Aa_2_100,6S4T_Aa_8_001,353,395,1.0
6IVX_Aa_2_100,6S4U_Cc_6_-110,353,396,1.0
6IVX_Aa_2_100,6SAL_Aa_2_000,353,397,1.0
6IVX_Aa_2_100,6SAL_Aa_3_00-1,353,398,1.0
6IVX_Aa_2_100,6SAL_Aa_6_0-10,353,399,1.0
6IVX_Aa_2_100,6SAL_Aa_10_-1-1-1,353,400,1.0
6IVX_Aa_2_100,6SAL_Aa_11_00-1,353,401,1.0
6IVX_Aa_2_100,6SAL_Aa_12_0-10,353,402,1.0
6IVX_Aa_2_100,6SSQ_Bb_3_0-1-1,353,403,1.0
6IVX_Aa_2_100,6T4G_Aa_2_000,353,404,1.0
6IVX_Aa_2_100,6T4G_Aa_3_00-1,353,405,1.0
6IVX_Aa_2_100,6T4G_Aa_11_00-1,353,406,1.0
6IVX_Aa_2_100,6T4G_Aa_12_0-10,353,407,1.0
6IVX_Aa_2_100,6T4K_Aa_2_000,353,408,1.0
6IVX_Aa_2_100,6T4K_Aa_3_00-1,353,409,1.0
6IVX_Aa_2_100,6T4K_Aa_11_00-1,353,410,1.0
6IVX_Aa_2_100,6T4K_Aa_12_0-10,353,411,1.0
6IVX_Aa_2_100,6T4T_Aa_2_000,353,412,1.0
6IVX_Aa_2_100,6T4T_Aa_3_00-1,353,413,1.0
6IVX_Aa_2_100,6T4T_Aa_11_00-1,353,414,1.0
6IVX_Aa_2_100,6T4T_Aa_12_0-10,353,415,1.0
6IVX_Aa_2_100,6TLM_Aa_2_000,353,416,1.0
6IVX_Aa_2_100,6TLM_Aa_3_00-1,353,417,1.0
6IVX_Aa_2_100,6TLM_Aa_10_-1-1-1,353,418,1.0
6IVX_Aa_2_100,6TLM_Aa_11_00-1,353,419,1.0
6IVX_Aa_2_100,6TLM_Aa_12_0-10,353,420,1.0
6IVX_Aa_2_100,7E2O_Ab_1_010,353,421,1.0
6IVX_Aa_2_100,7E2O_Ab_1_000,353,422,1.0
6IVX_Aa_2_100,7E2O_Aa_2_000,353,423,1.0
6IVX_Aa_2_100,7E2O_Aa_3_-1-10,353,424,1.0
6IVX_Aa_2_100,7E2O_Ab_3_-100,353,425,1.0
6IVX_Aa_2_100,7E2O_Aa_4_000,353,426,1.0
6IVX_Aa_2_100,7E2O_Ab_4_000,353,427,1.0
6IVX_Aa_2_100,7E2O_Bb_2_101,353,428,1.0
6IVX_Aa_2_100,7E2O_Bb_3_-1-10,353,429,1.0
6IVX_Aa_2_100,7E3M_Aa_2_-100,353,430,1.0
6IVX_Aa_2_100,7E3M_Aa_3_-1-1-1,353,431,1.0
6IVX_Aa_2_100,7E3M_Aa_4_-1-1-1,353,432,1.0
6IVX_Aa_2_100,7KCO_Ab_1_000,353,433,1.0
6IVX_Aa_2_100,7KCO_Ab_1_010,353,434,1.0
6IVX_Aa_2_100,7KCO_Ab_2_-100,353,435,1.0
6IVX_Aa_2_100,7KCO_Aa_3_-1-10,353,436,1.0
6IVX_Aa_2_100,7KCO_Ab_3_000,353,437,1.0
6IVX_Aa_2_100,7KCO_Ab_3_-100,353,438,1.0
6IVX_Aa_2_100,7KCO_Ab_4_000,353,439,1.0
6IVX_Aa_2_100,7KCO_Bb_4_-1-10,353,440,1.0
6IVX_Aa_2_100,7NEC_Aa_2_000,353,441,1.0
6IVX_Aa_2_100,7NEC_Aa_3_00-1,353,442,1.0
6IVX_Aa_2_100,7NEC_Aa_10_-1-1-1,353,443,1.0
6IVX_Aa_2_100,7NEC_Aa_11_00-1,353,444,1.0
6IVX_Aa_2_100,7NEC_Aa_12_0-10,353,445,1.0
6IVX_Aa_2_100,7NP6_Aa_2_000,353,446,1.0
6IVX_Aa_2_100,7NP6_Aa_3_00-1,353,447,1.0
6IVX_Aa_2_100,7NP6_Aa_10_11-1,353,448,1.0
6IVX_Aa_2_100,7NP6_Aa_11_000,353,449,1.0
6IVX_Aa_2_100,7NPC_Aa_2_000,353,450,1.0
6IVX_Aa_2_100,7NPC_Aa_3_00-1,353,451,1.0
6IVX_Aa_2_100,7NPC_Aa_10_-1-1-1,353,452,1.0
6IVX_Aa_2_100,7NPC_Aa_11_00-1,353,453,1.0
6IVX_Aa_2_100,7NPC_Aa_12_0-10,353,454,1.0
6IVX_Aa_2_100,7ZTV_Aa_2_00-1,353,455,1.0
6IVX_Aa_2_100,7ZTV_Aa_3_1-1-1,353,456,1.0
6IVX_Aa_2_100,7ZTV_Aa_4_0-10,353,457,1.0
6IVX_Aa_2_100,7ZTX_Aa_2_00-1,353,458,1.0
6IVX_Aa_2_100,7ZTX_Aa_3_1-1-1,353,459,1.0
6IVX_Aa_2_100,7ZTX_Aa_4_-1-10,353,460,1.0
6IVX_Aa_2_100,7ZTZ_Aa_2_-10-1,353,461,1.0
6IVX_Aa_2_100,7ZTZ_Aa_3_-1-1-1,353,462,1.0
6IVX_Aa_2_100,7ZTZ_Aa_4_-100,353,463,1.0
6IVX_Aa_2_100,7ZU1_Aa_2_-10-1,353,464,1.0
6IVX_Aa_2_100,7ZU1_Aa_3_-1-1-1,353,465,1.0
6IVX_Aa_2_100,7ZU1_Aa_4_-100,353,466,1.0
6IVX_Aa_2_100,7ZU2_Aa_2_-10-1,353,467,1.0
6IVX_Aa_2_100,7ZU2_Aa_3_-1-1-1,353,468,1.0
6IVX_Aa_2_100,8C0C_Aa_2_101,353,469,1.0
6IVX_Aa_2_100,8C0C_Aa_3_-100,353,470,1.0
6IVX_Aa_2_100,8C0C_Aa_4_001,353,471,1.0
6IVX_Aa_2_100,8DSY_Aa_2_002,353,472,1.0
6IVX_Aa_2_100,8DSY_Aa_3_-1-10,353,473,1.0
6IVX_Aa_2_100,8DSY_Aa_4_002,353,474,1.0
6IVX_Aa_2_100,8E1A_Aa_2_00-1,353,475,1.0
6IVX_Aa_2_100,8E1A_Aa_3_0-10,353,476,1.0
6IVX_Aa_2_100,8E1A_Aa_4_-100,353,477,1.0
6IVX_Aa_2_100,8FGY_Aa_2_010,353,478,1.0
6IVX_Aa_2_100,8FGY_Aa_3_0-10,353,479,1.0
6IVX_Aa_2_100,8FGZ_Aa_2_010,353,480,1.0
6IVX_Aa_2_100,8FGZ_Aa_3_0-10,353,481,1.0
6IVX_Aa_2_100,8FGZ_Aa_4_-100,353,482,1.0
6IVX_Aa_2_100,8FH0_Aa_2_00-1,353,483,1.0
6IVX_Aa_2_100,8FH0_Aa_3_100,353,484,1.0
6IVX_Aa_2_100,8FH0_Aa_4_000,353,485,1.0
6IVX_Aa_2_100,8FH1_Aa_2_00-1,353,486,1.0
6IVX_Aa_2_100,8FH1_Aa_3_100,353,487,1.0
6IVX_Aa_2_100,8FH1_Aa_4_-100,353,488,1.0
6IVX_Aa_2_100,8FH2_Aa_2_010,353,489,1.0
6IVX_Aa_2_100,8FH2_Aa_3_0-10,353,490,1.0
6IVX_Aa_2_100,8FH2_Aa_4_-100,353,491,1.0
6IVX_Aa_2_100,8GL7_Aa_2_-1-1-1,353,492,1.0
6IVX_Aa_2_100,8GL7_Aa_4_-1-10,353,493,1.0
6IVX_Aa_2_100,8U57_Aa_2_-10-1,353,494,1.0
6IVX_Aa_2_100,8U57_Aa_3_-1-10,353,495,1.0
6IVX_Aa_2_100,8U57_Aa_4_-1-10,353,496,1.0
6IVX_Aa_2_100,8U57_Aa_8_000,353,497,1.0
6IVX_Aa_2_100,8X7E_Eg_1_000,353,498,1.0
6IVX_Aa_2_100,8X7E_Ee_2_0-10,353,499,1.0
6IVX_Aa_2_100,8X7E_Gg_2_101,353,500,1.0
6IVX_Ac_2_100,6IVX_Ac_2_000,354,355,1.0
6IVX_Ac_2_100,6IVX_Ce_1_000,354,356,1.0
6IVX_Ac_2_100,6IVX_Ee_2_0-1-1,354,357,1.0
6IVX_Ac_2_100,6J3N_Aa_2_0-10,354,358,1.0
6IVX_Ac_2_100,6J3N_Aa_3_00-1,354,359,1.0
6IVX_Ac_2_100,6J3N_Aa_4_-1-1-1,354,360,1.0
6IVX_Ac_2_100,6JF0_Bb_2_101,354,361,1.0
6IVX_Ac_2_100,6JF0_Bb_3_-1-10,354,362,1.0
6IVX_Ac_2_100,6JQ7_Aa_2_010,354,363,0.7714285714285715
6IVX_Ac_2_100,6JQ7_Aa_3_0-10,354,364,1.0
6IVX_Ac_2_100,6KKB_Xx_2_0-1-1,354,365,1.0
6IVX_Ac_2_100,6KKB_Xx_3_000,354,366,1.0
6IVX_Ac_2_100,6KKB_Xx_8_00-1,354,367,0.971830985915493
6IVX_Ac_2_100,6KKE_Aa_2_-10-1,354,368,1.0
6IVX_Ac_2_100,6KKE_Aa_3_-1-10,354,369,1.0
6IVX_Ac_2_100,6KKE_Aa_8_00-1,354,370,0.971830985915493
6IVX_Ac_2_100,6KNU_Aa_2_00-1,354,371,1.0
6IVX_Ac_2_100,6KNU_Aa_3_-100,354,372,1.0
6IVX_Ac_2_100,6KNU_Aa_7_001,354,373,1.0
6IVX_Ac_2_100,6KNV_Aa_2_0-1-1,354,374,1.0
6IVX_Ac_2_100,6KNV_Aa_3_000,354,375,1.0
6IVX_Ac_2_100,6KNV_Aa_8_00-1,354,376,0.971830985915493
6IVX_Ac_2_100,6KNW_Aa_2_0-1-1,354,377,1.0
6IVX_Ac_2_100,6KNW_Aa_3_000,354,378,1.0
6IVX_Ac_2_100,6KNW_Aa_8_00-1,354,379,0.971830985915493
6IVX_Ac_2_100,6L96_Aa_6_-100,354,380,1.0
6IVX_Ac_2_100,6NAD_Aa_2_0-10,354,381,1.0
6IVX_Ac_2_100,6NAD_Aa_3_11-1,354,382,1.0
6IVX_Ac_2_100,6R7J_Aa_2_-100,354,383,1.0
6IVX_Ac_2_100,6R7J_Aa_3_-1-1-1,354,384,1.0
6IVX_Ac_2_100,6R7J_Aa_4_0-1-1,354,385,1.0
6IVX_Ac_2_100,6S4N_Da_1_100,354,386,1.0
6IVX_Ac_2_100,6S4N_Da_1_000,354,387,0.8675496688741722
6IVX_Ac_2_100,6S4N_Dd_2_000,354,388,1.0
6IVX_Ac_2_100,6S4N_Da_2_000,354,389,1.0
6IVX_Ac_2_100,6S4N_Ab_1_00-1,354,390,1.0
6IVX_Ac_2_100,6S4N_Ab_2_-1-10,354,391,1.0
6IVX_Ac_2_100,6S4T_Aa_5_000,354,392,0.8741258741258742
6IVX_Ac_2_100,6S4T_Aa_6_000,354,393,1.0
6IVX_Ac_2_100,6S4T_Aa_7_001,354,394,0.9550561797752809
6IVX_Ac_2_100,6S4T_Aa_8_001,354,395,1.0
6IVX_Ac_2_100,6S4U_Cc_6_-110,354,396,0.8646616541353384
6IVX_Ac_2_100,6SAL_Aa_2_000,354,397,1.0
6IVX_Ac_2_100,6SAL_Aa_3_00-1,354,398,1.0
6IVX_Ac_2_100,6SAL_Aa_6_0-10,354,399,1.0
6IVX_Ac_2_100,6SAL_Aa_10_-1-1-1,354,400,0.9166666666666666
6IVX_Ac_2_100,6SAL_Aa_11_00-1,354,401,1.0
6IVX_Ac_2_100,6SAL_Aa_12_0-10,354,402,0.7653061224489796
6IVX_Ac_2_100,6SSQ_Bb_3_0-1-1,354,403,1.0
6IVX_Ac_2_100,6T4G_Aa_2_000,354,404,1.0
6IVX_Ac_2_100,6T4G_Aa_3_00-1,354,405,1.0
6IVX_Ac_2_100,6T4G_Aa_11_00-1,354,406,1.0
6IVX_Ac_2_100,6T4G_Aa_12_0-10,354,407,0.7731958762886598
6IVX_Ac_2_100,6T4K_Aa_2_000,354,408,1.0
6IVX_Ac_2_100,6T4K_Aa_3_00-1,354,409,1.0
6IVX_Ac_2_100,6T4K_Aa_11_00-1,354,410,1.0
6IVX_Ac_2_100,6T4K_Aa_12_0-10,354,411,0.7731958762886598
6IVX_Ac_2_100,6T4T_Aa_2_000,354,412,1.0
6IVX_Ac_2_100,6T4T_Aa_3_00-1,354,413,1.0
6IVX_Ac_2_100,6T4T_Aa_11_00-1,354,414,1.0
6IVX_Ac_2_100,6T4T_Aa_12_0-10,354,415,0.7765957446808511
6IVX_Ac_2_100,6TLM_Aa_2_000,354,416,1.0
6IVX_Ac_2_100,6TLM_Aa_3_00-1,354,417,1.0
6IVX_Ac_2_100,6TLM_Aa_10_-1-1-1,354,418,0.9166666666666666
6IVX_Ac_2_100,6TLM_Aa_11_00-1,354,419,1.0
6IVX_Ac_2_100,6TLM_Aa_12_0-10,354,420,0.7684210526315789
6IVX_Ac_2_100,7E2O_Ab_1_010,354,421,1.0
6IVX_Ac_2_100,7E2O_Ab_1_000,354,422,0.7886178861788617
6IVX_Ac_2_100,7E2O_Aa_2_000,354,423,1.0
6IVX_Ac_2_100,7E2O_Aa_3_-1-10,354,424,1.0
6IVX_Ac_2_100,7E2O_Ab_3_-100,354,425,1.0
6IVX_Ac_2_100,7E2O_Aa_4_000,354,426,1.0
6IVX_Ac_2_100,7E2O_Ab_4_000,354,427,1.0
6IVX_Ac_2_100,7E2O_Bb_2_101,354,428,1.0
6IVX_Ac_2_100,7E2O_Bb_3_-1-10,354,429,1.0
6IVX_Ac_2_100,7E3M_Aa_2_-100,354,430,1.0
6IVX_Ac_2_100,7E3M_Aa_3_-1-1-1,354,431,1.0
6IVX_Ac_2_100,7E3M_Aa_4_-1-1-1,354,432,1.0
6IVX_Ac_2_100,7KCO_Ab_1_000,354,433,0.984251968503937
6IVX_Ac_2_100,7KCO_Ab_1_010,354,434,0.9102564102564102
6IVX_Ac_2_100,7KCO_Ab_2_-100,354,435,1.0
6IVX_Ac_2_100,7KCO_Aa_3_-1-10,354,436,1.0
6IVX_Ac_2_100,7KCO_Ab_3_000,354,437,1.0
6IVX_Ac_2_100,7KCO_Ab_3_-100,354,438,1.0
6IVX_Ac_2_100,7KCO_Ab_4_000,354,439,1.0
6IVX_Ac_2_100,7KCO_Bb_4_-1-10,354,440,1.0
6IVX_Ac_2_100,7NEC_Aa_2_000,354,441,1.0
6IVX_Ac_2_100,7NEC_Aa_3_00-1,354,442,1.0
6IVX_Ac_2_100,7NEC_Aa_10_-1-1-1,354,443,0.9146341463414634
6IVX_Ac_2_100,7NEC_Aa_11_00-1,354,444,1.0
6IVX_Ac_2_100,7NEC_Aa_12_0-10,354,445,0.7765957446808511
6IVX_Ac_2_100,7NP6_Aa_2_000,354,446,1.0
6IVX_Ac_2_100,7NP6_Aa_3_00-1,354,447,1.0
6IVX_Ac_2_100,7NP6_Aa_10_11-1,354,448,0.7684210526315789
6IVX_Ac_2_100,7NP6_Aa_11_000,354,449,1.0
6IVX_Ac_2_100,7NPC_Aa_2_000,354,450,1.0
6IVX_Ac_2_100,7NPC_Aa_3_00-1,354,451,1.0
6IVX_Ac_2_100,7NPC_Aa_10_-1-1-1,354,452,0.9166666666666666
6IVX_Ac_2_100,7NPC_Aa_11_00-1,354,453,1.0
6IVX_Ac_2_100,7NPC_Aa_12_0-10,354,454,0.7731958762886598
6IVX_Ac_2_100,7ZTV_Aa_2_00-1,354,455,1.0
6IVX_Ac_2_100,7ZTV_Aa_3_1-1-1,354,456,1.0
6IVX_Ac_2_100,7ZTV_Aa_4_0-10,354,457,1.0
6IVX_Ac_2_100,7ZTX_Aa_2_00-1,354,458,1.0
6IVX_Ac_2_100,7ZTX_Aa_3_1-1-1,354,459,1.0
6IVX_Ac_2_100,7ZTX_Aa_4_-1-10,354,460,1.0
6IVX_Ac_2_100,7ZTZ_Aa_2_-10-1,354,461,1.0
6IVX_Ac_2_100,7ZTZ_Aa_3_-1-1-1,354,462,1.0
6IVX_Ac_2_100,7ZTZ_Aa_4_-100,354,463,1.0
6IVX_Ac_2_100,7ZU1_Aa_2_-10-1,354,464,1.0
6IVX_Ac_2_100,7ZU1_Aa_3_-1-1-1,354,465,1.0
6IVX_Ac_2_100,7ZU1_Aa_4_-100,354,466,1.0
6IVX_Ac_2_100,7ZU2_Aa_2_-10-1,354,467,1.0
6IVX_Ac_2_100,7ZU2_Aa_3_-1-1-1,354,468,1.0
6IVX_Ac_2_100,8C0C_Aa_2_101,354,469,1.0
6IVX_Ac_2_100,8C0C_Aa_3_-100,354,470,1.0
6IVX_Ac_2_100,8C0C_Aa_4_001,354,471,1.0
6IVX_Ac_2_100,8DSY_Aa_2_002,354,472,1.0
6IVX_Ac_2_100,8DSY_Aa_3_-1-10,354,473,1.0
6IVX_Ac_2_100,8DSY_Aa_4_002,354,474,1.0
6IVX_Ac_2_100,8E1A_Aa_2_00-1,354,475,1.0
6IVX_Ac_2_100,8E1A_Aa_3_0-10,354,476,1.0
6IVX_Ac_2_100,8E1A_Aa_4_-100,354,477,1.0
6IVX_Ac_2_100,8FGY_Aa_2_010,354,478,1.0
6IVX_Ac_2_100,8FGY_Aa_3_0-10,354,479,1.0
6IVX_Ac_2_100,8FGZ_Aa_2_010,354,480,1.0
6IVX_Ac_2_100,8FGZ_Aa_3_0-10,354,481,1.0
6IVX_Ac_2_100,8FGZ_Aa_4_-100,354,482,1.0
6IVX_Ac_2_100,8FH0_Aa_2_00-1,354,483,1.0
6IVX_Ac_2_100,8FH0_Aa_3_100,354,484,1.0
6IVX_Ac_2_100,8FH0_Aa_4_000,354,485,1.0
6IVX_Ac_2_100,8FH1_Aa_2_00-1,354,486,1.0
6IVX_Ac_2_100,8FH1_Aa_3_100,354,487,1.0
6IVX_Ac_2_100,8FH1_Aa_4_-100,354,488,1.0
6IVX_Ac_2_100,8FH2_Aa_2_010,354,489,1.0
6IVX_Ac_2_100,8FH2_Aa_3_0-10,354,490,1.0
6IVX_Ac_2_100,8FH2_Aa_4_-100,354,491,1.0
6IVX_Ac_2_100,8GL7_Aa_2_-1-1-1,354,492,1.0
6IVX_Ac_2_100,8GL7_Aa_4_-1-10,354,493,1.0
6IVX_Ac_2_100,8U57_Aa_2_-10-1,354,494,1.0
6IVX_Ac_2_100,8U57_Aa_3_-1-10,354,495,1.0
6IVX_Ac_2_100,8U57_Aa_4_-1-10,354,496,1.0
6IVX_Ac_2_100,8U57_Aa_8_000,354,497,0.979381443298969
6IVX_Ac_2_100,8X7E_Eg_1_000,354,498,1.0
6IVX_Ac_2_100,8X7E_Ee_2_0-10,354,499,1.0
6IVX_Ac_2_100,8X7E_Gg_2_101,354,500,1.0
